Entity,Code,Year,5_0_BattleDeath
2,AFG,1989,5411
3,AFG,1990,1514
4,AFG,1991,3553
5,AFG,1992,4385
6,AFG,1993,4105
7,AFG,1994,9056
8,AFG,1995,5618
9,AFG,1996,3595
10,AFG,1997,6721
11,AFG,1998,12174
12,AFG,1999,5065
13,AFG,2000,5394
14,AFG,2001,5553
15,AFG,2002,1157
16,AFG,2003,944
17,AFG,2004,817
18,AFG,2005,1711
19,AFG,2006,4982
20,AFG,2007,7020
21,AFG,2008,5660
22,AFG,2009,6499
23,AFG,2010,7151
24,AFG,2011,7563
25,AFG,2012,7824
26,AFG,2013,8131
27,AFG,2014,12549
28,AFG,2015,17987
29,AFG,2016,18719
30,AFG,2017,19776
31,AFG,2018,26889
32,AFG,2019,30435
33,AFG,2020,20838
34,AFG,2021,36375
35,AGO,1989,2873
36,AGO,1990,2609
37,AGO,1991,516
38,AGO,1992,2352
39,AGO,1993,12398
40,AGO,1994,4009
41,AGO,1995,238
42,AGO,1996,32
43,AGO,1997,105
44,AGO,1998,1191
45,AGO,1999,2666
46,AGO,2000,1206
47,AGO,2001,2154
48,AGO,2002,579
49,AGO,2003,84
50,AGO,2004,38
51,AGO,2005,15
52,AGO,2006,3
53,AGO,2007,26
54,AGO,2008,4
55,AGO,2009,25
56,AGO,2010,10
57,AGO,2011,1
58,AGO,2013,2
59,AGO,2014,0
60,AGO,2015,1
61,AGO,2016,26
62,AGO,2017,26
63,AGO,2018,24
64,AGO,2019,26
65,AGO,2020,29
66,AGO,2021,13
67,ALB,1999,6
68,ARE,2010,1
69,ARG,1992,0
70,ARG,1994,86
71,ARM,1992,85
72,ARM,1993,37
73,ARM,1994,30
74,ARM,1995,8
75,ARM,2005,1
76,ARM,2006,2
77,ARM,2012,9
78,ARM,2013,1
79,ARM,2015,16
80,ARM,2016,4
81,ARM,2018,1
82,ARM,2019,2
83,ARM,2020,10
84,ARM,2021,10
85,AUS,2018,2
86,AUT,2020,4
87,AZE,1991,35
88,AZE,1992,2856
89,AZE,1993,1194
90,AZE,1994,1489
91,AZE,1995,54
92,AZE,1996,5
93,AZE,1997,29
94,AZE,1998,34
95,AZE,1999,18
96,AZE,2000,13
97,AZE,2001,6
98,AZE,2004,8
99,AZE,2005,24
100,AZE,2006,5
101,AZE,2007,12
102,AZE,2008,30
103,AZE,2009,7
104,AZE,2010,20
105,AZE,2011,21
106,AZE,2012,16
107,AZE,2013,11
108,AZE,2014,46
109,AZE,2015,63
110,AZE,2016,137
111,AZE,2017,36
112,AZE,2018,16
113,AZE,2019,9
114,AZE,2020,7636
115,AZE,2021,30
116,BDI,1990,7
117,BDI,1991,342
118,BDI,1992,61
119,BDI,1993,3429
120,BDI,1994,306
121,BDI,1995,1547
122,BDI,1996,2673
123,BDI,1997,1573
124,BDI,1998,1398
125,BDI,1999,1009
126,BDI,2000,2071
127,BDI,2001,1253
128,BDI,2002,1576
129,BDI,2003,1245
130,BDI,2004,679
131,BDI,2005,378
132,BDI,2006,185
133,BDI,2007,79
134,BDI,2008,220
135,BDI,2011,1
136,BDI,2012,9
137,BDI,2013,9
138,BDI,2014,70
139,BDI,2015,260
140,BDI,2016,81
141,BDI,2017,43
142,BDI,2018,113
143,BDI,2019,75
144,BDI,2020,145
145,BDI,2021,81
146,BEL,2016,34
147,BEL,2018,4
148,BEN,2019,1
149,BFA,2016,26
150,BFA,2017,54
151,BFA,2018,195
152,BFA,2019,1246
153,BFA,2020,1167
154,BFA,2021,1445
155,BGD,1989,81
156,BGD,1990,94
157,BGD,1991,107
158,BGD,1992,225
159,BGD,1993,43
160,BGD,1994,32
161,BGD,1995,14
162,BGD,1996,46
163,BGD,1997,16
164,BGD,1998,21
165,BGD,1999,14
166,BGD,2000,105
167,BGD,2001,62
168,BGD,2002,6
169,BGD,2003,8
170,BGD,2004,51
171,BGD,2005,80
172,BGD,2006,96
173,BGD,2007,18
174,BGD,2008,13
175,BGD,2009,10
176,BGD,2010,5
177,BGD,2011,0
178,BGD,2012,2
179,BGD,2013,54
180,BGD,2014,2
181,BGD,2015,10
182,BGD,2016,73
183,BGD,2017,48
184,BGD,2018,28
185,BGD,2019,3
186,BGD,2020,4
187,BGD,2021,2
188,BHR,2011,26
189,BIH,1992,25168
190,BIH,1993,13698
191,BIH,1994,5219
192,BIH,1995,9755
193,BRA,1993,42
194,BRA,1994,29
195,BRA,1995,51
196,BRA,1996,20
197,BRA,1997,38
198,BRA,1998,14
199,BRA,1999,62
200,BRA,2000,46
201,BRA,2001,74
202,BRA,2002,61
203,BRA,2003,43
204,BRA,2004,86
205,BRA,2005,54
206,BRA,2006,22
207,BRA,2007,40
208,BRA,2008,20
209,BRA,2009,40
210,BRA,2010,4
211,BRA,2011,34
212,BRA,2012,270
213,BRA,2013,4
214,BRA,2014,1
215,BRA,2015,18
216,BRA,2016,34
217,BRA,2017,2803
218,BRA,2018,2380
219,BRA,2019,1308
220,BRA,2020,2212
221,BRA,2021,2291
222,BTN,1997,4
223,BTN,1998,2
224,BTN,2000,50
225,BTN,2004,0
226,BTN,2021,1
227,BWA,1990,1
228,CAF,1991,0
229,CAF,1992,3
230,CAF,1993,4
231,CAF,1999,5
232,CAF,2000,6
233,CAF,2001,216
234,CAF,2002,152
235,CAF,2003,19
236,CAF,2004,23
237,CAF,2005,8
238,CAF,2006,190
239,CAF,2007,143
240,CAF,2008,8
241,CAF,2009,244
242,CAF,2010,148
243,CAF,2011,195
244,CAF,2012,132
245,CAF,2013,3396
246,CAF,2014,3494
247,CAF,2015,743
248,CAF,2016,688
249,CAF,2017,1849
250,CAF,2018,640
251,CAF,2019,491
252,CAF,2020,299
253,CAF,2021,1082
254,CAN,1994,3
255,CAN,1995,24
256,CAN,1996,2
257,CAN,1997,2
258,CAN,1998,27
259,CAN,1999,11
260,CAN,2000,23
261,CAN,2001,1
262,CHN,1989,2600
263,CHN,1990,22
264,CHN,1997,4
265,CHN,1999,0
266,CHN,2005,12
267,CHN,2007,0
268,CHN,2008,87
269,CHN,2009,189
270,CHN,2015,5
271,CHN,2017,6
272,CIV,1990,9
273,CIV,1991,0
274,CIV,1993,1
275,CIV,1994,4
276,CIV,1995,37
277,CIV,1996,5
278,CIV,1998,0
279,CIV,1999,0
280,CIV,2000,132
281,CIV,2001,2
282,CIV,2002,1028
283,CIV,2003,492
284,CIV,2004,304
285,CIV,2005,153
286,CIV,2006,11
287,CIV,2007,3
288,CIV,2008,4
289,CIV,2009,1
290,CIV,2010,80
291,CIV,2011,1256
292,CIV,2012,21
293,CIV,2013,4
294,CIV,2016,49
295,CIV,2020,3
296,CMR,1990,6
297,CMR,1991,50
298,CMR,1992,25
299,CMR,1993,47
300,CMR,1994,102
301,CMR,1996,56
302,CMR,1998,52
303,CMR,2000,2
304,CMR,2001,0
305,CMR,2004,0
306,CMR,2005,0
307,CMR,2008,0
308,CMR,2009,0
309,CMR,2013,1
310,CMR,2014,1047
311,CMR,2015,1263
312,CMR,2016,491
313,CMR,2017,410
314,CMR,2018,1007
315,CMR,2019,868
316,CMR,2020,792
317,CMR,2021,806
318,COD,1989,28
319,COD,1990,147
320,COD,1991,32
321,COD,1992,67
322,COD,1993,3288
323,COD,1994,330
324,COD,1995,523
325,COD,1996,34564
326,COD,1997,13895
327,COD,1998,8019
328,COD,1999,7541
329,COD,2000,3052
330,COD,2001,1391
331,COD,2002,7931
332,COD,2003,4328
333,COD,2004,795
334,COD,2005,314
335,COD,2006,390
336,COD,2007,879
337,COD,2008,1740
338,COD,2009,5069
339,COD,2010,799
340,COD,2011,511
341,COD,2012,1842
342,COD,2013,2196
343,COD,2014,1622
344,COD,2015,737
345,COD,2016,2194
346,COD,2017,6031
347,COD,2018,3130
348,COD,2019,2506
349,COD,2020,3905
350,COD,2021,3625
351,COG,1992,2
352,COG,1993,135
353,COG,1994,18
354,COG,1995,2
355,COG,1996,1
356,COG,1997,10412
357,COG,1998,3763
358,COG,1999,948
359,COG,2001,3
360,COG,2002,234
361,COG,2003,33
362,COG,2005,15
363,COG,2007,2
364,COG,2008,1
365,COG,2011,1
366,COG,2012,2
367,COG,2015,0
368,COG,2016,73
369,COG,2017,20
370,COG,2019,0
371,COG,2020,0
372,COL,1989,384
373,COL,1990,712
374,COL,1991,872
375,COL,1992,1500
376,COL,1993,302
377,COL,1994,1211
378,COL,1995,943
379,COL,1996,1401
380,COL,1997,891
381,COL,1998,1646
382,COL,1999,2093
383,COL,2000,4293
384,COL,2001,4592
385,COL,2002,4346
386,COL,2003,1183
387,COL,2004,1781
388,COL,2005,1725
389,COL,2006,588
390,COL,2007,362
391,COL,2008,252
392,COL,2009,419
393,COL,2010,442
394,COL,2011,227
395,COL,2012,227
396,COL,2013,140
397,COL,2014,156
398,COL,2015,143
399,COL,2016,38
400,COL,2017,87
401,COL,2018,245
402,COL,2019,175
403,COL,2020,168
404,COL,2021,211
405,COM,1989,29
406,COM,1997,56
407,COM,1998,40
408,DEU,1989,3
409,DEU,1990,1
410,DEU,1992,4
411,DEU,2016,12
412,DJI,1989,6
413,DJI,1990,60
414,DJI,1991,74
415,DJI,1992,129
416,DJI,1993,33
417,DJI,1994,39
418,DJI,1995,17
419,DJI,1997,11
420,DJI,1998,16
421,DJI,1999,25
422,DJI,2008,35
423,DJI,2014,1
424,DJI,2018,6
425,DJI,2021,3
426,DZA,1990,1
427,DZA,1991,34
428,DZA,1992,274
429,DZA,1993,826
430,DZA,1994,1943
431,DZA,1995,3059
432,DZA,1996,1091
433,DZA,1997,2008
434,DZA,1998,3284
435,DZA,1999,1168
436,DZA,2000,1193
437,DZA,2001,674
438,DZA,2002,1058
439,DZA,2003,714
440,DZA,2004,500
441,DZA,2005,232
442,DZA,2006,292
443,DZA,2007,495
444,DZA,2008,345
445,DZA,2009,541
446,DZA,2010,252
447,DZA,2011,276
448,DZA,2012,264
449,DZA,2013,222
450,DZA,2014,111
451,DZA,2015,110
452,DZA,2016,89
453,DZA,2017,77
454,DZA,2018,35
455,DZA,2019,15
456,DZA,2020,28
457,DZA,2021,18
458,ECU,1995,11
459,ECU,2001,2
460,ECU,2003,26
461,ECU,2008,25
462,ECU,2019,2
463,ECU,2021,291
464,EGY,1990,4
465,EGY,1992,13
466,EGY,1993,108
467,EGY,1994,162
468,EGY,1995,233
469,EGY,1996,149
470,EGY,1997,143
471,EGY,1998,29
472,EGY,1999,4
473,EGY,2000,5
474,EGY,2004,35
475,EGY,2005,124
476,EGY,2006,2
477,EGY,2008,2
478,EGY,2009,1
479,EGY,2010,1
480,EGY,2011,31
481,EGY,2012,75
482,EGY,2013,135
483,EGY,2014,249
484,EGY,2015,991
485,EGY,2016,404
486,EGY,2017,902
487,EGY,2018,692
488,EGY,2019,665
489,EGY,2020,546
490,EGY,2021,124
491,ERI,1993,21
492,ERI,1996,14
493,ERI,1997,31
494,ERI,1998,792
495,ERI,1999,17203
496,ERI,2000,1793
497,ERI,2003,57
498,ERI,2008,0
499,ERI,2016,25
500,ESP,1989,17
501,ESP,1990,19
502,ESP,1991,44
503,ESP,1992,23
504,ESP,1993,12
505,ESP,1994,11
506,ESP,1995,13
507,ESP,1996,4
508,ESP,1997,12
509,ESP,1998,7
510,ESP,2000,20
511,ESP,2001,13
512,ESP,2002,5
513,ESP,2003,3
514,ESP,2004,191
515,ESP,2008,2
516,ESP,2009,3
517,ESP,2011,1
518,ESP,2017,16
519,ETH,1989,25385
520,ETH,1990,49856
521,ETH,1991,12440
522,ETH,1992,1026
523,ETH,1993,133
524,ETH,1994,76
525,ETH,1995,1043
526,ETH,1996,65
527,ETH,1997,12
528,ETH,1998,1027
529,ETH,1999,30786
530,ETH,2000,48666
531,ETH,2001,388
532,ETH,2002,809
533,ETH,2003,1093
534,ETH,2004,475
535,ETH,2005,290
536,ETH,2006,430
537,ETH,2007,500
538,ETH,2008,311
539,ETH,2009,590
540,ETH,2010,152
541,ETH,2011,66
542,ETH,2012,385
543,ETH,2013,88
544,ETH,2014,39
545,ETH,2015,307
546,ETH,2016,529
547,ETH,2017,475
548,ETH,2018,687
549,ETH,2019,378
550,ETH,2020,4833
551,ETH,2021,12919
552,FRA,1992,0
553,FRA,1995,8
554,FRA,1996,0
555,FRA,2007,2
556,FRA,2012,4
557,FRA,2015,133
558,FRA,2016,87
559,FRA,2017,2
560,FRA,2018,13
561,FSM,1992,585
562,GAB,1996,0
563,GAB,2004,1
564,GAB,2005,8
565,GAB,2012,1
566,GBR,1989,41
567,GBR,1990,47
568,GBR,1991,38
569,GBR,1992,39
570,GBR,1993,47
571,GBR,1994,16
572,GBR,1996,2
573,GBR,1997,5
574,GBR,1998,31
575,GBR,2000,1
576,GBR,2001,1
577,GBR,2002,3
578,GBR,2003,1
579,GBR,2004,1
580,GBR,2005,53
581,GBR,2006,0
582,GBR,2009,2
583,GBR,2011,1
584,GBR,2019,4
585,GBR,2020,1
586,GEO,1991,52
587,GEO,1992,775
588,GEO,1993,1837
589,GEO,1995,52
590,GEO,1997,26
591,GEO,1998,38
592,GEO,2002,0
593,GEO,2004,27
594,GEO,2008,621
595,GEO,2010,3
596,GEO,2011,0
597,GHA,1991,30
598,GHA,1992,63
599,GHA,1993,2
600,GHA,1994,2004
601,GHA,1995,155
602,GHA,2000,30
603,GHA,2001,50
604,GHA,2002,36
605,GHA,2008,55
606,GHA,2009,8
607,GHA,2010,1
608,GIN,1994,0
609,GIN,1996,27
610,GIN,1998,12
611,GIN,1999,13
612,GIN,2000,256
613,GIN,2001,430
614,GIN,2005,3
615,GIN,2006,15
616,GIN,2007,45
617,GIN,2009,160
618,GIN,2010,1
619,GIN,2011,25
620,GIN,2012,9
621,GIN,2013,98
622,GIN,2015,3
623,GIN,2019,1
624,GIN,2020,49
625,GIN,2021,1
626,GNB,1992,2
627,GNB,1998,505
628,GNB,1999,199
629,GNB,2000,0
630,GTM,1989,491
631,GTM,1990,681
632,GTM,1991,426
633,GTM,1992,393
634,GTM,1993,218
635,GTM,1994,287
636,GTM,1995,122
637,GTM,1996,20
638,GTM,1997,2
639,GTM,1998,1
640,GTM,2001,5
641,GTM,2002,2
642,GTM,2004,1
643,GTM,2005,58
644,GTM,2007,5
645,GTM,2008,41
646,GTM,2009,1
647,GTM,2011,27
648,GTM,2015,20
649,GUY,2008,29
650,HND,1999,9
651,HND,2000,6
652,HND,2002,1
653,HND,2003,47
654,HND,2004,30
655,HND,2008,18
656,HND,2010,58
657,HND,2011,18
658,HND,2012,18
659,HND,2014,21
660,HND,2016,10
661,HND,2019,4
662,HND,2020,1
663,HND,2021,5
664,HRV,1992,142
665,HRV,1993,373
666,HRV,1995,963
667,HTI,1989,48
668,HTI,1990,2
669,HTI,1991,270
670,HTI,1993,37
671,HTI,1994,44
672,HTI,1995,1
673,HTI,1999,11
674,HTI,2004,231
675,HTI,2005,40
676,HTI,2017,8
677,HTI,2018,71
678,HTI,2019,1
679,HTI,2020,163
680,HTI,2021,126
681,IDN,1989,7
682,IDN,1990,231
683,IDN,1991,473
684,IDN,1992,57
685,IDN,1993,180
686,IDN,1994,28
687,IDN,1995,80
688,IDN,1996,68
689,IDN,1997,478
690,IDN,1998,110
691,IDN,1999,1824
692,IDN,2000,958
693,IDN,2001,946
694,IDN,2002,762
695,IDN,2003,1070
696,IDN,2004,1082
697,IDN,2005,295
698,IDN,2006,74
699,IDN,2007,88
700,IDN,2008,123
701,IDN,2009,167
702,IDN,2010,101
703,IDN,2011,229
704,IDN,2012,18
705,IDN,2013,31
706,IDN,2014,17
707,IDN,2015,29
708,IDN,2016,69
709,IDN,2017,60
710,IDN,2018,124
711,IDN,2019,328
712,IDN,2020,268
713,IDN,2021,135
714,IND,1989,1851
715,IND,1990,4734
716,IND,1991,3724
717,IND,1992,4161
718,IND,1993,2326
719,IND,1994,1435
720,IND,1995,1079
721,IND,1996,1333
722,IND,1997,1448
723,IND,1998,1623
724,IND,1999,2563
725,IND,2000,4093
726,IND,2001,1730
727,IND,2002,3035
728,IND,2003,2426
729,IND,2004,1642
730,IND,2005,2015
731,IND,2006,2155
732,IND,2007,1720
733,IND,2008,1856
734,IND,2009,1621
735,IND,2010,1633
736,IND,2011,798
737,IND,2012,801
738,IND,2013,702
739,IND,2014,734
740,IND,2015,622
741,IND,2016,761
742,IND,2017,847
743,IND,2018,950
744,IND,2019,734
745,IND,2020,754
746,IND,2021,523
747,IRQ,1989,50
748,IRQ,1990,117
749,IRQ,1991,24486
750,IRQ,1992,833
751,IRQ,1993,366
752,IRQ,1994,973
753,IRQ,1995,1437
754,IRQ,1996,813
755,IRQ,1997,2348
756,IRQ,1998,96
757,IRQ,1999,308
758,IRQ,2000,193
759,IRQ,2001,56
760,IRQ,2002,111
761,IRQ,2003,8021
762,IRQ,2004,4366
763,IRQ,2005,3521
764,IRQ,2006,4598
765,IRQ,2007,4489
766,IRQ,2008,2765
767,IRQ,2009,1720
768,IRQ,2010,1857
769,IRQ,2011,1399
770,IRQ,2012,1407
771,IRQ,2013,4010
772,IRQ,2014,16437
773,IRQ,2015,11303
774,IRQ,2016,12025
775,IRQ,2017,11400
776,IRQ,2018,1443
777,IRQ,2019,916
778,IRQ,2020,925
779,IRQ,2021,986
780,ISR,1989,93
781,ISR,1990,43
782,ISR,1991,47
783,ISR,1992,72
784,ISR,1993,88
785,ISR,1994,116
786,ISR,1995,78
787,ISR,1996,132
788,ISR,1997,25
789,ISR,1998,6
790,ISR,1999,2
791,ISR,2000,108
792,ISR,2001,355
793,ISR,2002,888
794,ISR,2003,472
795,ISR,2004,514
796,ISR,2005,211
797,ISR,2006,646
798,ISR,2007,538
799,ISR,2008,735
800,ISR,2009,751
801,ISR,2010,75
802,ISR,2011,102
803,ISR,2012,253
804,ISR,2013,12
805,ISR,2014,2403
806,ISR,2015,16
807,ISR,2016,11
808,ISR,2017,25
809,ISR,2018,76
810,ISR,2019,83
811,ISR,2020,8
812,ISR,2021,280
813,ITA,1993,0
814,JAM,1989,1
815,JAM,1994,5
816,JAM,2001,116
817,JAM,2002,15
818,JAM,2003,7
819,JOR,1992,1
820,JOR,2005,59
821,JOR,2015,1
822,JOR,2016,37
823,KEN,1989,63
824,KEN,1990,7
825,KEN,1991,17
826,KEN,1992,159
827,KEN,1993,287
828,KEN,1994,34
829,KEN,1995,60
830,KEN,1996,170
831,KEN,1997,212
832,KEN,1998,322
833,KEN,1999,229
834,KEN,2000,254
835,KEN,2001,192
836,KEN,2002,45
837,KEN,2003,7
838,KEN,2004,20
839,KEN,2005,215
840,KEN,2006,219
841,KEN,2007,200
842,KEN,2008,783
843,KEN,2009,170
844,KEN,2010,87
845,KEN,2011,144
846,KEN,2012,309
847,KEN,2013,267
848,KEN,2014,344
849,KEN,2015,389
850,KEN,2016,130
851,KEN,2017,228
852,KEN,2018,164
853,KEN,2019,188
854,KEN,2020,151
855,KEN,2021,135
856,KGZ,1999,14
857,KGZ,2000,174
858,KGZ,2006,6
859,KGZ,2010,44
860,KGZ,2015,1
861,KGZ,2021,40
862,KHM,1989,814
863,KHM,1990,377
864,KHM,1991,322
865,KHM,1992,193
866,KHM,1993,484
867,KHM,1994,572
868,KHM,1995,723
869,KHM,1996,846
870,KHM,1997,444
871,KHM,1998,274
872,KHM,1999,0
873,KHM,2000,4
874,KHM,2003,1
875,KHM,2007,2
876,KHM,2008,2
877,KHM,2009,2
878,KHM,2011,10
879,KHM,2012,1
880,KWT,1990,1329
881,KWT,1991,460
882,KWT,1996,1
883,KWT,2015,26
884,LAO,1989,30
885,LAO,1990,255
886,LAO,1993,3
887,LAO,1997,2
888,LAO,1999,2
889,LAO,2000,7
890,LAO,2002,4
891,LAO,2003,5
892,LAO,2004,4
893,LAO,2006,73
894,LBN,1989,1097
895,LBN,1990,1903
896,LBN,1991,68
897,LBN,1992,132
898,LBN,1993,165
899,LBN,1994,144
900,LBN,1995,126
901,LBN,1996,213
902,LBN,1997,99
903,LBN,1998,85
904,LBN,1999,74
905,LBN,2000,56
906,LBN,2001,4
907,LBN,2002,0
908,LBN,2003,1
909,LBN,2005,3
910,LBN,2006,747
911,LBN,2008,38
912,LBN,2011,4
913,LBN,2012,53
914,LBN,2013,179
915,LBN,2014,228
916,LBN,2015,200
917,LBN,2016,56
918,LBN,2017,297
919,LBN,2018,2
920,LBN,2020,20
921,LBR,1989,45
922,LBR,1990,3729
923,LBR,1991,578
924,LBR,1992,453
925,LBR,1993,2673
926,LBR,1994,4167
927,LBR,1995,2290
928,LBR,1996,3091
929,LBR,1997,13
930,LBR,1998,13
931,LBR,1999,70
932,LBR,2000,101
933,LBR,2001,481
934,LBR,2002,2259
935,LBR,2003,3281
936,LBR,2019,1
937,LBR,2020,2
938,LBY,2008,6
939,LBY,2011,3914
940,LBY,2012,378
941,LBY,2013,36
942,LBY,2014,1455
943,LBY,2015,1594
944,LBY,2016,2349
945,LBY,2017,1096
946,LBY,2018,670
947,LBY,2019,1786
948,LBY,2020,689
949,LBY,2021,12
950,LKA,1989,1288
951,LKA,1990,4840
952,LKA,1991,6646
953,LKA,1992,4444
954,LKA,1993,2084
955,LKA,1994,712
956,LKA,1995,4971
957,LKA,1996,4097
958,LKA,1997,2902
959,LKA,1998,3830
960,LKA,1999,1948
961,LKA,2000,2569
962,LKA,2001,1162
963,LKA,2002,17
964,LKA,2003,33
965,LKA,2004,84
966,LKA,2005,130
967,LKA,2006,2173
968,LKA,2007,2564
969,LKA,2008,8453
970,LKA,2009,10418
971,LKA,2011,2
972,LKA,2013,5
973,LKA,2017,1
974,LKA,2019,255
975,LSO,1998,78
976,MAC,1999,6
977,MAC,2000,3
978,MAC,2001,72
979,MAR,1989,207
980,MAR,1991,19
981,MAR,2003,34
982,MAR,2020,2
983,MAR,2021,6
984,MDG,2002,79
985,MDG,2009,113
986,MDG,2012,15
987,MDG,2017,1
988,MDG,2019,3
989,MDG,2020,23
990,MEX,1989,3
991,MEX,1990,4
992,MEX,1992,16
993,MEX,1993,34
994,MEX,1994,153
995,MEX,1995,22
996,MEX,1996,43
997,MEX,1997,58
998,MEX,1998,7
999,MEX,2002,26
1000,MEX,2004,220
1001,MEX,2005,204
1002,MEX,2006,669
1003,MEX,2007,1943
1004,MEX,2008,2188
1005,MEX,2009,3598
1006,MEX,2010,3582
1007,MEX,2011,2893
1008,MEX,2012,1699
1009,MEX,2013,776
1010,MEX,2014,1646
1011,MEX,2015,1654
1012,MEX,2016,1320
1013,MEX,2017,1465
1014,MEX,2018,8803
1015,MEX,2019,11998
1016,MEX,2020,16441
1017,MEX,2021,18812
1018,MLI,1990,582
1019,MLI,1991,247
1020,MLI,1992,86
1021,MLI,1993,0
1022,MLI,1994,729
1023,MLI,1995,4
1024,MLI,1997,22
1025,MLI,1999,59
1026,MLI,2002,5
1027,MLI,2004,20
1028,MLI,2005,12
1029,MLI,2007,39
1030,MLI,2008,113
1031,MLI,2009,127
1032,MLI,2010,28
1033,MLI,2011,23
1034,MLI,2012,359
1035,MLI,2013,881
1036,MLI,2014,291
1037,MLI,2015,256
1038,MLI,2016,182
1039,MLI,2017,605
1040,MLI,2018,1281
1041,MLI,2019,1227
1042,MLI,2020,1509
1043,MLI,2021,1267
1044,MLT,1995,0
1045,MMR,1989,1033
1046,MMR,1990,796
1047,MMR,1991,1375
1048,MMR,1992,1749
1049,MMR,1993,145
1050,MMR,1994,794
1051,MMR,1995,1496
1052,MMR,1996,591
1053,MMR,1997,788
1054,MMR,1998,581
1055,MMR,1999,369
1056,MMR,2000,748
1057,MMR,2001,385
1058,MMR,2002,543
1059,MMR,2003,272
1060,MMR,2004,177
1061,MMR,2005,447
1062,MMR,2006,452
1063,MMR,2007,700
1064,MMR,2008,102
1065,MMR,2009,225
1066,MMR,2010,185
1067,MMR,2011,810
1068,MMR,2012,971
1069,MMR,2013,358
1070,MMR,2014,256
1071,MMR,2015,705
1072,MMR,2016,183
1073,MMR,2017,2395
1074,MMR,2018,122
1075,MMR,2019,587
1076,MMR,2020,196
1077,MMR,2021,1766
1078,MOZ,1989,1552
1079,MOZ,1990,1759
1080,MOZ,1991,1914
1081,MOZ,1992,521
1082,MOZ,1993,2
1083,MOZ,1994,2
1084,MOZ,1995,1
1085,MOZ,2004,1
1086,MOZ,2005,13
1087,MOZ,2010,7
1088,MOZ,2012,2
1089,MOZ,2013,45
1090,MOZ,2014,30
1091,MOZ,2015,3
1092,MOZ,2016,68
1093,MOZ,2017,3
1094,MOZ,2018,173
1095,MOZ,2019,597
1096,MOZ,2020,1623
1097,MOZ,2021,981
1098,MRT,1989,128
1099,MRT,1990,29
1100,MRT,1992,0
1101,MRT,2007,4
1102,MRT,2008,12
1103,MRT,2009,1
1104,MRT,2010,1
1105,MRT,2011,13
1106,MRT,2012,1
1107,MRT,2020,0
1108,MYS,2013,70
1109,MYS,2017,1
1110,NAM,1989,0
1111,NAM,1994,0
1112,NAM,1996,2
1113,NAM,1999,1
1114,NAM,2000,66
1115,NAM,2002,5
1116,NER,1989,170
1117,NER,1990,200
1118,NER,1991,40
1119,NER,1992,29
1120,NER,1993,6
1121,NER,1994,50
1122,NER,1995,67
1123,NER,1996,14
1124,NER,1997,81
1125,NER,1998,147
1126,NER,2004,4
1127,NER,2007,98
1128,NER,2008,56
1129,NER,2012,1
1130,NER,2013,31
1131,NER,2014,5
1132,NER,2015,533
1133,NER,2016,299
1134,NER,2017,255
1135,NER,2018,181
1136,NER,2019,434
1137,NER,2020,795
1138,NER,2021,1127
1139,NGA,1990,89
1140,NGA,1991,380
1141,NGA,1992,943
1142,NGA,1993,1185
1143,NGA,1994,90
1144,NGA,1995,1
1145,NGA,1996,87
1146,NGA,1997,595
1147,NGA,1998,357
1148,NGA,1999,3519
1149,NGA,2000,2104
1150,NGA,2001,2417
1151,NGA,2002,612
1152,NGA,2003,443
1153,NGA,2004,2118
1154,NGA,2005,216
1155,NGA,2006,225
1156,NGA,2007,153
1157,NGA,2008,425
1158,NGA,2009,530
1159,NGA,2010,980
1160,NGA,2011,1830
1161,NGA,2012,2016
1162,NGA,2013,3382
1163,NGA,2014,10338
1164,NGA,2015,9107
1165,NGA,2016,3902
1166,NGA,2017,3572
1167,NGA,2018,3225
1168,NGA,2019,2437
1169,NGA,2020,3046
1170,NGA,2021,3144
1171,NIC,1989,526
1172,NIC,1990,39
1173,NLD,1990,2
1174,NLD,2015,0
1175,NPL,1990,14
1176,NPL,1991,2
1177,NPL,1992,0
1178,NPL,1993,3
1179,NPL,1994,0
1180,NPL,1995,0
1181,NPL,1996,77
1182,NPL,1997,48
1183,NPL,1998,357
1184,NPL,1999,295
1185,NPL,2000,365
1186,NPL,2001,569
1187,NPL,2002,4432
1188,NPL,2003,1732
1189,NPL,2004,2456
1190,NPL,2005,1399
1191,NPL,2006,566
1192,NPL,2007,31
1193,NPL,2008,0
1194,NPL,2009,9
1195,PAK,1989,114
1196,PAK,1990,386
1197,PAK,1991,62
1198,PAK,1992,72
1199,PAK,1993,48
1200,PAK,1994,169
1201,PAK,1995,127
1202,PAK,1996,64
1203,PAK,1997,123
1204,PAK,1998,121
1205,PAK,1999,57
1206,PAK,2000,59
1207,PAK,2001,42
1208,PAK,2002,170
1209,PAK,2003,242
1210,PAK,2004,430
1211,PAK,2005,153
1212,PAK,2006,427
1213,PAK,2007,1366
1214,PAK,2008,4620
1215,PAK,2009,7460
1216,PAK,2010,7226
1217,PAK,2011,3475
1218,PAK,2012,3541
1219,PAK,2013,2914
1220,PAK,2014,3620
1221,PAK,2015,2450
1222,PAK,2016,1100
1223,PAK,2017,954
1224,PAK,2018,483
1225,PAK,2019,293
1226,PAK,2020,409
1227,PAK,2021,448
1228,PAN,1989,920
1229,PER,1989,1945
1230,PER,1990,1228
1231,PER,1991,1353
1232,PER,1992,1189
1233,PER,1993,779
1234,PER,1994,369
1235,PER,1995,274
1236,PER,1996,105
1237,PER,1997,116
1238,PER,1998,33
1239,PER,1999,89
1240,PER,2000,5
1241,PER,2001,21
1242,PER,2002,13
1243,PER,2003,13
1244,PER,2004,3
1245,PER,2005,0
1246,PER,2006,11
1247,PER,2007,32
1248,PER,2008,40
1249,PER,2009,54
1250,PER,2010,29
1251,PER,2011,15
1252,PER,2013,3
1253,PER,2014,14
1254,PER,2015,9
1255,PER,2016,11
1256,PER,2017,7
1257,PER,2019,2
1258,PER,2020,11
1259,PER,2021,20
1260,PHL,1989,984
1261,PHL,1990,1352
1262,PHL,1991,1549
1263,PHL,1992,445
1264,PHL,1993,318
1265,PHL,1994,308
1266,PHL,1995,188
1267,PHL,1996,199
1268,PHL,1997,322
1269,PHL,1998,138
1270,PHL,1999,219
1271,PHL,2000,1761
1272,PHL,2001,792
1273,PHL,2002,763
1274,PHL,2003,1132
1275,PHL,2004,470
1276,PHL,2005,487
1277,PHL,2006,434
1278,PHL,2007,483
1279,PHL,2008,566
1280,PHL,2009,1047
1281,PHL,2010,372
1282,PHL,2011,414
1283,PHL,2012,311
1284,PHL,2013,537
1285,PHL,2014,484
1286,PHL,2015,628
1287,PHL,2016,616
1288,PHL,2017,1708
1289,PHL,2018,436
1290,PHL,2019,364
1291,PHL,2020,375
1292,PHL,2021,309
1293,PNG,1989,14
1294,PNG,1990,61
1295,PNG,1991,29
1296,PNG,1992,61
1297,PNG,1993,40
1298,PNG,1994,26
1299,PNG,1995,33
1300,PNG,1996,106
1301,PNG,1997,12
1302,PNG,1999,60
1303,PNG,2000,13
1304,PNG,2001,65
1305,PNG,2002,7
1306,PNG,2012,57
1307,PNG,2019,28
1308,PNG,2021,38
1309,PRY,1989,150
1310,QAT,2004,0
1311,ROU,1989,448
1312,RUS,1989,160
1313,RUS,1990,393
1314,RUS,1991,340
1315,RUS,1992,1
1316,RUS,1993,145
1317,RUS,1994,485
1318,RUS,1995,1910
1319,RUS,1996,2764
1320,RUS,1997,13
1321,RUS,1998,7
1322,RUS,1999,6197
1323,RUS,2000,4333
1324,RUS,2001,992
1325,RUS,2002,1509
1326,RUS,2003,539
1327,RUS,2004,1317
1328,RUS,2005,688
1329,RUS,2006,260
1330,RUS,2007,182
1331,RUS,2008,410
1332,RUS,2009,697
1333,RUS,2010,481
1334,RUS,2011,396
1335,RUS,2012,525
1336,RUS,2013,365
1337,RUS,2014,176
1338,RUS,2015,86
1339,RUS,2016,78
1340,RUS,2017,53
1341,RUS,2018,38
1342,RUS,2019,26
1343,RUS,2020,33
1344,RUS,2021,2
1345,RWA,1990,2644
1346,RWA,1991,1102
1347,RWA,1992,644
1348,RWA,1993,960
1349,RWA,1994,541444
1350,RWA,1995,4147
1351,RWA,1996,320
1352,RWA,1997,4706
1353,RWA,1998,1740
1354,RWA,1999,29
1355,RWA,2001,2044
1356,RWA,2004,16
1357,RWA,2009,2
1358,RWA,2011,0
1359,RWA,2012,13
1360,RWA,2013,4
1361,RWA,2016,27
1362,RWA,2017,10
1363,RWA,2018,6
1364,RWA,2019,19
1365,SAU,1991,91
1366,SAU,2003,26
1367,SAU,2004,91
1368,SAU,2005,31
1369,SAU,2006,11
1370,SAU,2007,2
1371,SAU,2015,110
1372,SAU,2016,125
1373,SAU,2017,45
1374,SAU,2018,11
1375,SAU,2019,3
1376,SAU,2020,0
1377,SAU,2021,6
1378,SDN,1989,7515
1379,SDN,1990,5335
1380,SDN,1991,4566
1381,SDN,1992,4314
1382,SDN,1993,6042
1383,SDN,1994,960
1384,SDN,1995,1494
1385,SDN,1996,2735
1386,SDN,1997,4872
1387,SDN,1998,5958
1388,SDN,1999,2067
1389,SDN,2000,3537
1390,SDN,2001,3719
1391,SDN,2002,3227
1392,SDN,2003,5010
1393,SDN,2004,9714
1394,SDN,2005,1505
1395,SDN,2006,2187
1396,SDN,2007,1180
1397,SDN,2008,1241
1398,SDN,2009,2689
1399,SDN,2010,1790
1400,SDN,2011,2567
1401,SDN,2012,1525
1402,SDN,2013,1959
1403,SDN,2014,1912
1404,SDN,2015,2552
1405,SDN,2016,1994
1406,SDN,2017,548
1407,SDN,2018,432
1408,SDN,2019,435
1409,SDN,2020,606
1410,SDN,2021,860
1411,SEN,1989,121
1412,SEN,1990,84
1413,SEN,1991,16
1414,SEN,1992,135
1415,SEN,1993,285
1416,SEN,1995,329
1417,SEN,1996,5
1418,SEN,1997,366
1419,SEN,1998,343
1420,SEN,1999,31
1421,SEN,2000,56
1422,SEN,2001,47
1423,SEN,2002,45
1424,SEN,2003,39
1425,SEN,2004,3
1426,SEN,2005,46
1427,SEN,2006,126
1428,SEN,2008,11
1429,SEN,2009,19
1430,SEN,2010,19
1431,SEN,2011,37
1432,SEN,2012,23
1433,SEN,2013,8
1434,SEN,2018,1
1435,SEN,2020,0
1436,SEN,2021,0
1437,SLB,1992,2
1438,SLE,1991,1225
1439,SLE,1992,531
1440,SLE,1993,642
1441,SLE,1994,2097
1442,SLE,1995,3194
1443,SLE,1996,943
1444,SLE,1997,1233
1445,SLE,1998,5155
1446,SLE,1999,4493
1447,SLE,2000,856
1448,SLE,2001,73
1449,SLE,2002,1
1450,SLV,1989,4924
1451,SLV,1990,849
1452,SLV,1991,88
1453,SLV,1992,4
1454,SOM,1989,1061
1455,SOM,1990,2700
1456,SOM,1991,8455
1457,SOM,1992,4729
1458,SOM,1993,483
1459,SOM,1994,626
1460,SOM,1995,444
1461,SOM,1996,949
1462,SOM,1997,277
1463,SOM,1998,330
1464,SOM,1999,542
1465,SOM,2000,185
1466,SOM,2001,483
1467,SOM,2002,638
1468,SOM,2003,405
1469,SOM,2004,670
1470,SOM,2005,340
1471,SOM,2006,1204
1472,SOM,2007,1620
1473,SOM,2008,1751
1474,SOM,2009,2204
1475,SOM,2010,2722
1476,SOM,2011,2118
1477,SOM,2012,2989
1478,SOM,2013,1045
1479,SOM,2014,1247
1480,SOM,2015,1250
1481,SOM,2016,2065
1482,SOM,2017,2071
1483,SOM,2018,2500
1484,SOM,2019,2221
1485,SOM,2020,2120
1486,SOM,2021,2269
1487,SRB,1991,3295
1488,SRB,1992,1868
1489,SRB,1995,0
1490,SRB,1996,2
1491,SRB,1997,9
1492,SRB,1998,1446
1493,SRB,1999,2173
1494,SRB,2001,0
1495,SSD,2011,1194
1496,SSD,2012,864
1497,SSD,2013,1827
1498,SSD,2014,2491
1499,SSD,2015,1137
1500,SSD,2016,1303
1501,SSD,2017,1271
1502,SSD,2018,1217
1503,SSD,2019,642
1504,SSD,2020,748
1505,SSD,2021,885
1506,SWE,2017,5
1507,SWZ,1989,2
1508,SWZ,2019,1
1509,SWZ,2020,2
1510,SWZ,2021,47
1511,SYR,2004,8
1512,SYR,2008,1
1513,SYR,2011,4347
1514,SYR,2012,53695
1515,SYR,2013,76490
1516,SYR,2014,78644
1517,SYR,2015,59582
1518,SYR,2016,53863
1519,SYR,2017,38534
1520,SYR,2018,21727
1521,SYR,2019,11217
1522,SYR,2020,5690
1523,SYR,2021,1942
1524,TCD,1989,50
1525,TCD,1990,686
1526,TCD,1991,95
1527,TCD,1992,1190
1528,TCD,1993,313
1529,TCD,1994,521
1530,TCD,1995,53
1531,TCD,1996,4
1532,TCD,1997,134
1533,TCD,1998,198
1534,TCD,1999,394
1535,TCD,2000,1070
1536,TCD,2001,230
1537,TCD,2002,297
1538,TCD,2003,37
1539,TCD,2004,78
1540,TCD,2005,267
1541,TCD,2006,1956
1542,TCD,2007,431
1543,TCD,2008,994
1544,TCD,2009,135
1545,TCD,2010,4
1546,TCD,2014,16
1547,TCD,2015,397
1548,TCD,2016,26
1549,TCD,2017,91
1550,TCD,2018,168
1551,TCD,2019,253
1552,TCD,2020,249
1553,TCD,2021,667
1554,TGO,1991,63
1555,TGO,1992,5
1556,TGO,1993,48
1557,TGO,1998,9
1558,TGO,2005,436
1559,TGO,2019,1
1560,THA,1989,203
1561,THA,1990,20
1562,THA,1991,2
1563,THA,1992,0
1564,THA,1993,1
1565,THA,1994,1
1566,THA,1995,12
1567,THA,1996,1
1568,THA,1997,7
1569,THA,1998,12
1570,THA,1999,1
1571,THA,2000,8
1572,THA,2001,25
1573,THA,2002,23
1574,THA,2003,26
1575,THA,2004,310
1576,THA,2005,494
1577,THA,2006,541
1578,THA,2007,518
1579,THA,2008,328
1580,THA,2009,258
1581,THA,2010,218
1582,THA,2011,277
1583,THA,2012,244
1584,THA,2013,249
1585,THA,2014,100
1586,THA,2015,84
1587,THA,2016,69
1588,THA,2017,50
1589,THA,2018,61
1590,THA,2019,60
1591,THA,2020,47
1592,THA,2021,41
1593,TJK,1992,3860
1594,TJK,1993,1045
1595,TJK,1994,366
1596,TJK,1995,368
1597,TJK,1996,2807
1598,TJK,1997,107
1599,TJK,1998,600
1600,TJK,1999,4
1601,TJK,2000,46
1602,TJK,2001,37
1603,TJK,2005,1
1604,TJK,2006,8
1605,TJK,2007,3
1606,TJK,2009,17
1607,TJK,2010,98
1608,TJK,2011,28
1609,TJK,2013,3
1610,TJK,2014,3
1611,TJK,2017,1
1612,TJK,2018,5
1613,TJK,2019,10
1614,TJK,2020,43
1615,TJK,2021,42
1616,TTO,1990,39
1617,TUN,2002,21
1618,TUN,2011,8
1619,TUN,2012,3
1620,TUN,2013,29
1621,TUN,2014,51
1622,TUN,2015,135
1623,TUN,2016,88
1624,TUN,2017,15
1625,TUN,2018,25
1626,TUN,2019,20
1627,TUN,2020,12
1628,TUN,2021,18
1629,TUR,1989,538
1630,TUR,1990,630
1631,TUR,1991,448
1632,TUR,1992,1917
1633,TUR,1993,2764
1634,TUR,1994,4150
1635,TUR,1995,3201
1636,TUR,1996,3386
1637,TUR,1997,2353
1638,TUR,1998,2028
1639,TUR,1999,1195
1640,TUR,2000,153
1641,TUR,2001,120
1642,TUR,2002,34
1643,TUR,2003,150
1644,TUR,2004,221
1645,TUR,2005,295
1646,TUR,2006,226
1647,TUR,2007,502
1648,TUR,2008,491
1649,TUR,2009,138
1650,TUR,2010,231
1651,TUR,2011,410
1652,TUR,2012,789
1653,TUR,2013,23
1654,TUR,2014,11
1655,TUR,2015,1061
1656,TUR,2016,1558
1657,TUR,2017,455
1658,TUR,2018,435
1659,TUR,2019,307
1660,TUR,2020,205
1661,TUR,2021,130
1662,UGA,1989,1057
1663,UGA,1990,809
1664,UGA,1991,1018
1665,UGA,1992,76
1666,UGA,1994,160
1667,UGA,1995,537
1668,UGA,1996,1768
1669,UGA,1997,1354
1670,UGA,1998,1214
1671,UGA,1999,1024
1672,UGA,2000,1238
1673,UGA,2001,212
1674,UGA,2002,1316
1675,UGA,2003,1628
1676,UGA,2004,2004
1677,UGA,2005,922
1678,UGA,2006,334
1679,UGA,2007,156
1680,UGA,2008,32
1681,UGA,2009,59
1682,UGA,2010,74
1683,UGA,2014,7
1684,UGA,2016,30
1685,UGA,2017,0
1686,UGA,2018,2
1687,UGA,2019,2
1688,UGA,2021,7
1689,UKR,2014,4528
1690,UKR,2015,1726
1691,UKR,2016,255
1692,UKR,2017,415
1693,UKR,2018,243
1694,UKR,2019,311
1695,UKR,2020,196
1696,UKR,2021,208
1697,USA,2001,2986
1698,USA,2010,2
1699,USA,2015,14
1700,USA,2017,8
1701,UZB,1999,50
1702,UZB,2000,297
1703,UZB,2004,37
1704,UZB,2009,16
1705,VUT,1989,58
1706,VUT,1990,64
1707,VUT,1991,30
1708,VUT,1992,223
1709,VUT,1993,63
1710,VUT,1994,164
1711,VUT,1995,28
1712,VUT,1996,33
1713,VUT,1997,33
1714,VUT,1998,10
1715,VUT,1999,26
1716,VUT,2000,27
1717,VUT,2001,27
1718,VUT,2002,27
1719,VUT,2003,25
1720,VUT,2004,31
1721,VUT,2005,30
1722,VUT,2006,22
1723,VUT,2007,16
1724,VUT,2008,27
1725,VUT,2009,25
1726,VUT,2010,22
1727,VUT,2011,10
1728,VUT,2012,33
1729,VUT,2013,6
1730,VUT,2014,44
1731,VUT,2015,32
1732,VUT,2016,59
1733,VUT,2017,72
1734,VUT,2018,78
1735,VUT,2019,83
1736,VUT,2020,5
1737,VUT,2021,27
1738,YEM,1994,1489
1739,YEM,2003,6
1740,YEM,2004,28
1741,YEM,2008,21
1742,YEM,2009,94
1743,YEM,2010,201
1744,YEM,2011,1317
1745,YEM,2012,2345
1746,YEM,2013,582
1747,YEM,2014,2120
1748,YEM,2015,7239
1749,YEM,2016,3948
1750,YEM,2017,3493
1751,YEM,2018,4840
1752,YEM,2019,2044
1753,YEM,2020,2730
1754,YEM,2021,23297
1755,ZAF,1989,284
1756,ZAF,1990,1459
1757,ZAF,1991,737
1758,ZAF,1992,762
1759,ZAF,1993,895
1760,ZAF,1994,521
1761,ZAF,1995,143
1762,ZAF,1996,156
1763,ZAF,1997,30
1764,ZAF,1998,44
1765,ZAF,1999,19
1766,ZAF,2000,0
1767,ZAF,2002,2
1768,ZAF,2004,0
1769,ZAF,2010,1
1770,ZAF,2015,0
1771,ZAF,2016,3
1772,ZAF,2018,1
1773,ZAF,2019,1
1774,ZAF,2020,5
1775,ZAF,2021,44
1776,ZMB,1989,14
1777,ZMB,1990,32
1778,ZMB,1993,1
1779,ZMB,2000,1
1780,ZMB,2001,7
1781,ZWE,1989,18
1782,ZWE,1990,14
1783,ZWE,1995,4
1784,ZWE,1998,1
1785,ZWE,1999,1
1786,ZWE,2001,0
1787,ZWE,2003,0
1788,ZWE,2007,0
1789,ZWE,2008,253
1790,ZWE,2009,0
1791,ZWE,2011,1
1792,ZWE,2012,1
1793,ZWE,2018,4
1794,ZWE,2019,8
1795,ZWE,2020,2

