Entity,Code,Year,Researchers in R&D (per million people)
Albania,ALB,2008,155.52783203125
Algeria,DZA,2005,168.71934509277344
Algeria,DZA,2017,819.3427124023438
American Samoa,ASM,2002,84.63101196289062
American Samoa,ASM,2003,403.334228515625
American Samoa,ASM,2004,150.8017578125
American Samoa,ASM,2005,100.73536682128906
Angola,AGO,2011,47.48012161254883
Angola,AGO,2016,18.815990447998047
Argentina,ARG,1997,695.6194458007812
Argentina,ARG,1998,704.8408813476562
Argentina,ARG,1999,713.0787963867188
Argentina,ARG,2000,716.5564575195312
Argentina,ARG,2001,688.2777099609375
Argentina,ARG,2002,692.1918334960938
Argentina,ARG,2003,718.5227661132812
Argentina,ARG,2004,765.6401977539062
Argentina,ARG,2005,819.377685546875
Argentina,ARG,2006,891.832763671875
Argentina,ARG,2007,974.7180786132812
Argentina,ARG,2008,1035.9989013671875
Argentina,ARG,2009,1035.6253662109375
Argentina,ARG,2010,1123.8331298828125
Argentina,ARG,2011,1180.6729736328125
Argentina,ARG,2012,1203.3712158203125
Argentina,ARG,2013,1198.264404296875
Argentina,ARG,2014,1206.94189453125
Argentina,ARG,2015,1230.5394287109375
Argentina,ARG,2016,1259.64013671875
Argentina,ARG,2017,1210.45654296875
Argentina,ARG,2018,1211.42041015625
Australia,AUS,1996,3355.864990234375
Australia,AUS,1998,3382.171875
Australia,AUS,2000,3475.3251953125
Australia,AUS,2002,3771.5380859375
Australia,AUS,2004,4084.151611328125
Australia,AUS,2006,4248.25634765625
Australia,AUS,2008,4343.12646484375
Australia,AUS,2010,4532.4013671875
Austria,AUT,1998,2327.407470703125
Austria,AUT,2002,2965.6845703125
Austria,AUT,2004,3158.794677734375
Austria,AUT,2005,3449.33447265625
Austria,AUT,2006,3524.138916015625
Austria,AUT,2007,3810.031494140625
Austria,AUT,2008,4136.92578125
Austria,AUT,2009,4140.1044921875
Austria,AUT,2010,4349.71728515625
Austria,AUT,2011,4390.3466796875
Austria,AUT,2012,4669.447265625
Austria,AUT,2013,4724.72021484375
Austria,AUT,2014,4947.875
Austria,AUT,2015,5019.4384765625
Austria,AUT,2016,5224.3544921875
Austria,AUT,2017,5387.92919921875
Austria,AUT,2018,5733.07568359375
Bahrain,BHR,2014,368.99127197265625
Belgium,BEL,1996,2461.70361328125
Belgium,BEL,1997,2568.80419921875
Belgium,BEL,1998,2695.24267578125
Belgium,BEL,1999,2899.180908203125
Belgium,BEL,2000,2970.1943359375
Belgium,BEL,2001,3123.9892578125
Belgium,BEL,2002,2958.844970703125
Belgium,BEL,2003,2967.3701171875
Belgium,BEL,2004,3091.605224609375
Belgium,BEL,2005,3142.72998046875
Belgium,BEL,2006,3284.4306640625
Belgium,BEL,2007,3395.017578125
Belgium,BEL,2008,3411.752685546875
Belgium,BEL,2009,3519.85498046875
Belgium,BEL,2010,3732.831298828125
Belgium,BEL,2011,3875.64404296875
Belgium,BEL,2012,4113.263671875
Belgium,BEL,2013,4155.9111328125
Belgium,BEL,2014,4528.9150390625
Belgium,BEL,2015,4711.04541015625
Belgium,BEL,2016,4780.51708984375
Belgium,BEL,2017,4729.5537109375
Belgium,BEL,2018,5023.26318359375
Bolivia,BOL,1998,72.86863708496094
Bolivia,BOL,1999,72.6650390625
Bolivia,BOL,2000,71.27359771728516
Bolivia,BOL,2001,122.374267578125
Bolivia,BOL,2002,118.95484161376953
Bolivia,BOL,2009,143.85751342773438
Bolivia,BOL,2010,163.8015899658203
Bosnia and Herzegovina,BIH,2003,61.59418869018555
Bosnia and Herzegovina,BIH,2004,63.42766189575195
Bosnia and Herzegovina,BIH,2005,67.14230346679688
Bosnia and Herzegovina,BIH,2006,178.23304748535156
Bosnia and Herzegovina,BIH,2007,198.03677368164062
Bosnia and Herzegovina,BIH,2012,160.1399383544922
Bosnia and Herzegovina,BIH,2013,233.8673858642578
Bosnia and Herzegovina,BIH,2014,292.380615234375
Bosnia and Herzegovina,BIH,2015,365.2283935546875
Bosnia and Herzegovina,BIH,2016,419.9906311035156
Bosnia and Herzegovina,BIH,2017,485.4208068847656
Bosnia and Herzegovina,BIH,2018,471.2500915527344
Botswana,BWA,2012,172.43948364257812
Botswana,BWA,2013,185.2078094482422
Brazil,BRA,2000,295.23455810546875
Brazil,BRA,2001,337.3990173339844
Brazil,BRA,2002,398.4119873046875
Brazil,BRA,2003,423.2452392578125
Brazil,BRA,2004,483.0302734375
Brazil,BRA,2005,509.01507568359375
Brazil,BRA,2006,543.236083984375
Brazil,BRA,2007,555.12939453125
Brazil,BRA,2008,590.7138671875
Brazil,BRA,2009,625.5205688476562
Brazil,BRA,2010,686.1249389648438
Brazil,BRA,2011,737.7178344726562
Brazil,BRA,2012,788.4898071289062
Brazil,BRA,2013,838.4721069335938
Brazil,BRA,2014,887.678466796875
Brunei,BRN,2002,285.4819641113281
Brunei,BRN,2003,277.39013671875
Brunei,BRN,2004,283.5020751953125
Bulgaria,BGR,1996,1778.949951171875
Bulgaria,BGR,1997,1458.873779296875
Bulgaria,BGR,1998,1471.1827392578125
Bulgaria,BGR,1999,1311.516357421875
Bulgaria,BGR,2000,1185.1776123046875
Bulgaria,BGR,2001,1162.1920166015625
Bulgaria,BGR,2002,1172.47900390625
Bulgaria,BGR,2003,1228.6796875
Bulgaria,BGR,2004,1268.87890625
Bulgaria,BGR,2005,1307.798828125
Bulgaria,BGR,2006,1354.4730224609375
Bulgaria,BGR,2007,1478.6175537109375
Bulgaria,BGR,2008,1513.0074462890625
Bulgaria,BGR,2009,1601.3887939453125
Bulgaria,BGR,2010,1478.651611328125
Bulgaria,BGR,2011,1613.0322265625
Bulgaria,BGR,2012,1540.7684326171875
Bulgaria,BGR,2013,1683.7930908203125
Bulgaria,BGR,2014,1821.9217529296875
Bulgaria,BGR,2015,1977.2933349609375
Bulgaria,BGR,2016,2237.291015625
Bulgaria,BGR,2017,2125.183837890625
Bulgaria,BGR,2018,2342.869873046875
Burkina Faso,BFA,2010,47.57672119140625
Burundi,BDI,2012,20.92799949645996
Burundi,BDI,2018,23.43545913696289
Cambodia,KHM,2002,17.641620635986328
Cambodia,KHM,2015,30.367040634155273
Canada,CAN,1996,3071.85009765625
Canada,CAN,1997,3132.903076171875
Canada,CAN,1998,3171.466552734375
Canada,CAN,1999,3255.439453125
Canada,CAN,2000,3527.48291015625
Canada,CAN,2001,3708.216552734375
Canada,CAN,2002,3719.2578125
Canada,CAN,2003,3913.54833984375
Canada,CAN,2004,4098.00341796875
Canada,CAN,2005,4250.05224609375
Canada,CAN,2006,4323.080078125
Canada,CAN,2007,4595.39501953125
Canada,CAN,2008,4715.39111328125
Canada,CAN,2009,4451.478515625
Canada,CAN,2010,4646.30517578125
Canada,CAN,2011,4780.08154296875
Canada,CAN,2012,4627.45166015625
Canada,CAN,2013,4623.11767578125
Canada,CAN,2014,4541.84814453125
Canada,CAN,2015,4523.0927734375
Canada,CAN,2016,4369.6298828125
Canada,CAN,2017,4325.64501953125
Cape Verde,CPV,2001,103.27993774414062
Cape Verde,CPV,2002,135.4551544189453
Cape Verde,CPV,2011,50.114559173583984
Cape Verde,CPV,2014,123.48751831054688
Chad,TCD,2016,57.89175033569336
Chile,CHL,2007,335.80615234375
Chile,CHL,2008,356.65447998046875
Chile,CHL,2009,287.75
Chile,CHL,2010,318.8271789550781
Chile,CHL,2011,352.7068176269531
Chile,CHL,2012,390.68243408203125
Chile,CHL,2013,335.3667297363281
Chile,CHL,2014,427.12188720703125
Chile,CHL,2015,454.9594421386719
Chile,CHL,2016,493.4586486816406
Chile,CHL,2017,493.29541015625
China,CHN,1996,437.826904296875
China,CHN,1997,466.4832458496094
China,CHN,1998,381.68768310546875
China,CHN,1999,414.431396484375
China,CHN,2000,538.5778198242188
China,CHN,2001,571.7103881835938
China,CHN,2002,619.9744262695312
China,CHN,2003,655.4441528320312
China,CHN,2004,700.0701293945312
China,CHN,2005,840.6356201171875
China,CHN,2006,914.3369140625
China,CHN,2007,1057.494384765625
China,CHN,2008,1176.459716796875
China,CHN,2009,846.5595703125
China,CHN,2010,884.5933837890625
China,CHN,2011,957.5650024414062
China,CHN,2012,1014.3118896484375
China,CHN,2013,1066.2098388671875
China,CHN,2014,1089.1964111328125
China,CHN,2015,1150.8193359375
China,CHN,2016,1196.68798828125
China,CHN,2017,1224.7822265625
China,CHN,2018,1307.121337890625
Colombia,COL,2013,57.36040115356445
Colombia,COL,2014,58.29539108276367
Colombia,COL,2015,69.54869079589844
Colombia,COL,2016,89.36161041259766
Colombia,COL,2017,88.01909637451172
Congo,COG,1996,50.97261047363281
Congo,COG,1997,49.69866943359375
Congo,COG,1998,40.73997116088867
Congo,COG,1999,36.28514862060547
Congo,COG,2000,32.5349006652832
Costa Rica,CRI,2003,131.60255432128906
Costa Rica,CRI,2004,108.63507080078125
Costa Rica,CRI,2005,122.92608642578125
Costa Rica,CRI,2008,261.0278625488281
Costa Rica,CRI,2009,339.5461730957031
Costa Rica,CRI,2010,381.8780212402344
Costa Rica,CRI,2011,406.208740234375
Costa Rica,CRI,2012,337.2440185546875
Costa Rica,CRI,2013,355.1164245605469
Costa Rica,CRI,2014,568.4619140625
Costa Rica,CRI,2015,495.2757873535156
Costa Rica,CRI,2016,525.3763427734375
Costa Rica,CRI,2017,380.4075927734375
Costa Rica,CRI,2018,345.03857421875
Cote d'Ivoire,CIV,2005,69.13831329345703
Croatia,HRV,1998,1054.340576171875
Croatia,HRV,1999,1239.3309326171875
Croatia,HRV,2000,1529.332763671875
Croatia,HRV,2001,1509.9561767578125
Croatia,HRV,2002,1950.043701171875
Croatia,HRV,2003,1335.4158935546875
Croatia,HRV,2004,1628.6934814453125
Croatia,HRV,2005,1308.1142578125
Croatia,HRV,2006,1321.9617919921875
Croatia,HRV,2007,1404.9521484375
Croatia,HRV,2008,1538.60791015625
Croatia,HRV,2009,1596.5396728515625
Croatia,HRV,2010,1641.34228515625
Croatia,HRV,2011,1587.4896240234375
Croatia,HRV,2012,1556.8411865234375
Croatia,HRV,2013,1526.6807861328125
Croatia,HRV,2014,1437.4298095703125
Croatia,HRV,2015,1504.178955078125
Croatia,HRV,2016,1850.4957275390625
Croatia,HRV,2017,1868.3402099609375
Croatia,HRV,2018,1921.13134765625
Cyprus,CYP,1998,345.604248046875
Cyprus,CYP,1999,402.6085510253906
Cyprus,CYP,2000,434.3780822753906
Cyprus,CYP,2001,471.9795837402344
Cyprus,CYP,2002,609.4827270507812
Cyprus,CYP,2003,677.8319702148438
Cyprus,CYP,2004,795.288818359375
Cyprus,CYP,2005,916.650634765625
Cyprus,CYP,2006,986.916748046875
Cyprus,CYP,2007,1029.197509765625
Cyprus,CYP,2008,1011.3811645507812
Cyprus,CYP,2009,1065.7518310546875
Cyprus,CYP,2010,1077.700439453125
Cyprus,CYP,2011,1063.79150390625
Cyprus,CYP,2012,1017.46435546875
Cyprus,CYP,2013,1036.1304931640625
Cyprus,CYP,2014,1064.925048828125
Cyprus,CYP,2015,1009.0543823242188
Cyprus,CYP,2016,1050.53564453125
Cyprus,CYP,2017,1196.4324951171875
Cyprus,CYP,2018,1255.8525390625
Czechia,CZE,1996,1252.4263916015625
Czechia,CZE,1997,1216.8299560546875
Czechia,CZE,1998,1217.252685546875
Czechia,CZE,1999,1313.26025390625
Czechia,CZE,2000,1346.243408203125
Czechia,CZE,2001,1459.15576171875
Czechia,CZE,2002,1460.555908203125
Czechia,CZE,2003,1543.9779052734375
Czechia,CZE,2004,1591.8515625
Czechia,CZE,2005,2356.08056640625
Czechia,CZE,2006,2550.567138671875
Czechia,CZE,2007,2691.54931640625
Czechia,CZE,2008,2857.022216796875
Czechia,CZE,2009,2742.0751953125
Czechia,CZE,2010,2773.9599609375
Czechia,CZE,2011,2903.66162109375
Czechia,CZE,2012,3139.2353515625
Czechia,CZE,2013,3237.23583984375
Czechia,CZE,2014,3402.826171875
Czechia,CZE,2015,3592.07373046875
Czechia,CZE,2016,3516.171630859375
Czechia,CZE,2017,3682.033447265625
Czechia,CZE,2018,3862.6708984375
Democratic Republic of Congo,COD,2015,10.564689636230469
Denmark,DNK,1996,3177.820068359375
Denmark,DNK,1997,3317.915771484375
Denmark,DNK,1999,3559.903076171875
Denmark,DNK,2001,3630.603759765625
Denmark,DNK,2002,4754.85693359375
Denmark,DNK,2003,4618.9228515625
Denmark,DNK,2004,4843.25390625
Denmark,DNK,2005,5197.447265625
Denmark,DNK,2006,5298.4501953125
Denmark,DNK,2007,5516.35595703125
Denmark,DNK,2008,6493.8955078125
Denmark,DNK,2009,6656.97021484375
Denmark,DNK,2010,6739.18115234375
Denmark,DNK,2011,7017.93896484375
Denmark,DNK,2012,7143.28857421875
Denmark,DNK,2013,7071.1376953125
Denmark,DNK,2014,7310.658203125
Denmark,DNK,2015,7528.26416015625
Denmark,DNK,2016,7846.65771484375
Denmark,DNK,2017,7924.95263671875
Denmark,DNK,2018,8065.88720703125
East Asia and Pacific,,1996,887.1735229492188
East Asia and Pacific,,1997,871.0689086914062
East Asia and Pacific,,1998,860.4869384765625
East Asia and Pacific,,1999,848.5018310546875
East Asia and Pacific,,2000,925.3470458984375
East Asia and Pacific,,2001,901.2114868164062
East Asia and Pacific,,2002,966.1759643554688
East Asia and Pacific,,2003,1053.9610595703125
East Asia and Pacific,,2004,1206.4766845703125
East Asia and Pacific,,2005,1234.856689453125
East Asia and Pacific,,2006,1436.0911865234375
East Asia and Pacific,,2007,1431.792236328125
East Asia and Pacific,,2008,1666.4014892578125
East Asia and Pacific,,2009,1112.5692138671875
East Asia and Pacific,,2010,1454.89990234375
East Asia and Pacific,,2011,1382.5155029296875
East Asia and Pacific,,2012,1550.9937744140625
East Asia and Pacific,,2013,1455.5361328125
East Asia and Pacific,,2014,1630.46337890625
East Asia and Pacific,,2015,1536.8033447265625
East Asia and Pacific,,2016,1517.2509765625
East Asia and Pacific,,2017,1485.22314453125
East Asia and Pacific,,2018,1630.5477294921875
Ecuador,ECU,1996,83.99430847167969
Ecuador,ECU,1997,77.98216247558594
Ecuador,ECU,1998,83.12532043457031
Ecuador,ECU,2001,39.79970932006836
Ecuador,ECU,2002,41.845890045166016
Ecuador,ECU,2003,48.243499755859375
Ecuador,ECU,2006,70.05996704101562
Ecuador,ECU,2007,64.63095092773438
Ecuador,ECU,2008,102.60710144042969
Ecuador,ECU,2009,117.68403625488281
Ecuador,ECU,2010,140.58062744140625
Ecuador,ECU,2011,179.5076904296875
Ecuador,ECU,2012,281.16656494140625
Ecuador,ECU,2013,350.6611022949219
Ecuador,ECU,2014,399.4899597167969
Egypt,EGY,2007,630.981201171875
Egypt,EGY,2008,438.6039733886719
Egypt,EGY,2009,433.3282470703125
Egypt,EGY,2010,492.4056396484375
Egypt,EGY,2011,491.76348876953125
Egypt,EGY,2012,517.1434936523438
Egypt,EGY,2013,539.0214233398438
Egypt,EGY,2014,675.2422485351562
Egypt,EGY,2015,672.940673828125
Egypt,EGY,2016,689.24609375
Egypt,EGY,2017,677.1002197265625
Egypt,EGY,2018,686.7174072265625
El Salvador,SLV,2015,63.2398681640625
El Salvador,SLV,2016,65.76315307617188
El Salvador,SLV,2017,63.71195983886719
El Salvador,SLV,2018,71.17552947998047
Estonia,EST,1998,2117.539794921875
Estonia,EST,1999,2138.498046875
Estonia,EST,2000,1905.494384765625
Estonia,EST,2001,1926.37939453125
Estonia,EST,2002,2212.286865234375
Estonia,EST,2003,2197.523681640625
Estonia,EST,2004,2470.729248046875
Estonia,EST,2005,2457.12744140625
Estonia,EST,2006,2603.45068359375
Estonia,EST,2007,2744.93115234375
Estonia,EST,2008,2969.2412109375
Estonia,EST,2009,3228.715576171875
Estonia,EST,2010,3060.578857421875
Estonia,EST,2011,3397.581787109375
Estonia,EST,2012,3462.9248046875
Estonia,EST,2013,3341.010498046875
Estonia,EST,2014,3284.26318359375
Estonia,EST,2015,3183.24365234375
Estonia,EST,2016,3295.07568359375
Estonia,EST,2017,3542.546142578125
Estonia,EST,2018,3755.3291015625
Eswatini,SWZ,2015,142.343505859375
Ethiopia,ETH,2005,21.061920166015625
Ethiopia,ETH,2007,20.018749237060547
Ethiopia,ETH,2010,42.229591369628906
Ethiopia,ETH,2013,44.73122024536133
Ethiopia,ETH,2017,90.52892303466797
Europe and Central Asia,,1996,2287.537353515625
Europe and Central Asia,,1997,2247.283935546875
Europe and Central Asia,,1998,2188.38671875
Europe and Central Asia,,1999,2283.05322265625
Europe and Central Asia,,2000,2270.032958984375
Europe and Central Asia,,2001,2342.493408203125
Europe and Central Asia,,2002,2350.345947265625
Europe and Central Asia,,2003,2414.815673828125
Europe and Central Asia,,2004,2532.315185546875
Europe and Central Asia,,2005,2581.896240234375
Europe and Central Asia,,2006,2572.394775390625
Europe and Central Asia,,2007,2569.375732421875
Europe and Central Asia,,2008,2638.95458984375
Europe and Central Asia,,2009,2660.351318359375
Europe and Central Asia,,2010,2711.1318359375
Europe and Central Asia,,2011,2736.076416015625
Europe and Central Asia,,2012,2812.0263671875
Europe and Central Asia,,2013,2838.39697265625
Europe and Central Asia,,2014,2872.9169921875
Europe and Central Asia,,2015,2988.244140625
Europe and Central Asia,,2016,2998.05322265625
Europe and Central Asia,,2017,3114.70703125
Europe and Central Asia,,2018,3373.2822265625
European Union,,1996,1967.74267578125
European Union,,1997,1992.7064208984375
European Union,,1998,1980.778564453125
European Union,,1999,2092.497314453125
European Union,,2000,2122.518310546875
European Union,,2001,2237.123779296875
European Union,,2002,2266.79345703125
European Union,,2003,2339.71337890625
European Union,,2004,2528.236083984375
European Union,,2005,2601.253173828125
European Union,,2006,2690.84619140625
European Union,,2007,2769.301513671875
European Union,,2008,2934.737548828125
European Union,,2009,2990.615966796875
European Union,,2010,3091.78564453125
European Union,,2011,3129.791015625
European Union,,2012,3252.389404296875
European Union,,2013,3331.867431640625
European Union,,2014,3387.00927734375
European Union,,2015,3532.067138671875
European Union,,2016,3631.0703125
European Union,,2017,3840.234130859375
European Union,,2018,3994.364501953125
Faeroe Islands,FRO,2003,1813.1219482421875
Finland,FIN,2004,7821.861328125
Finland,FIN,2005,7526.63037109375
Finland,FIN,2006,7657.220703125
Finland,FIN,2007,7361.54052734375
Finland,FIN,2008,7684.80810546875
Finland,FIN,2009,7646.3369140625
Finland,FIN,2010,7720.2236328125
Finland,FIN,2011,7421.58203125
Finland,FIN,2012,7473.7060546875
Finland,FIN,2013,7206.5322265625
Finland,FIN,2014,7009.28759765625
Finland,FIN,2015,6844.54736328125
Finland,FIN,2016,6531.4794921875
Finland,FIN,2017,6721.830078125
Finland,FIN,2018,6861.10986328125
France,FRA,1996,2668.876220703125
France,FRA,1997,2657.860595703125
France,FRA,1998,2664.5400390625
France,FRA,1999,2732.7431640625
France,FRA,2000,2915.694580078125
France,FRA,2001,2986.8583984375
France,FRA,2002,3117.2119140625
France,FRA,2003,3199.748291015625
France,FRA,2004,3334.1669921875
France,FRA,2005,3313.258544921875
France,FRA,2006,3423.74853515625
France,FRA,2007,3585.805908203125
France,FRA,2008,3659.884765625
France,FRA,2009,3747.28466796875
France,FRA,2010,3873.012939453125
France,FRA,2011,3942.388916015625
France,FRA,2012,4073.25048828125
France,FRA,2013,4154.8154296875
France,FRA,2014,4233.63818359375
France,FRA,2015,4307.48974609375
France,FRA,2016,4414.69921875
France,FRA,2017,4561.11279296875
France,FRA,2018,4715.3193359375
Gambia,GMB,2008,91.75479888916016
Gambia,GMB,2009,102.85707092285156
Gambia,GMB,2011,31.707429885864258
Gambia,GMB,2018,52.89255905151367
Georgia,GEO,2013,566.3544921875
Georgia,GEO,2014,1059.4747314453125
Georgia,GEO,2015,1280.463623046875
Georgia,GEO,2016,1306.5908203125
Georgia,GEO,2017,1307.4061279296875
Georgia,GEO,2018,1463.7734375
Germany,DEU,1996,2830.529052734375
Germany,DEU,1997,2896.74658203125
Germany,DEU,1998,2920.198974609375
Germany,DEU,1999,3129.269287109375
Germany,DEU,2000,3167.950927734375
Germany,DEU,2001,3245.82421875
Germany,DEU,2002,3260.092041015625
Germany,DEU,2003,3295.277099609375
Germany,DEU,2004,3309.573486328125
Germany,DEU,2005,3335.034912109375
Germany,DEU,2006,3434.5693359375
Germany,DEU,2007,3578.50341796875
Germany,DEU,2008,3733.2763671875
Germany,DEU,2009,3922.212158203125
Germany,DEU,2010,4058.005859375
Germany,DEU,2011,4188.80810546875
Germany,DEU,2012,4352.32275390625
Germany,DEU,2013,4366.69140625
Germany,DEU,2014,4320.7041015625
Germany,DEU,2015,4743.7861328125
Germany,DEU,2016,4861.7470703125
Germany,DEU,2017,5076.51806640625
Germany,DEU,2018,5211.8740234375
Ghana,GHA,2007,17.08329963684082
Ghana,GHA,2010,37.95861053466797
Ghana,GHA,2015,89.112060546875
Greece,GRC,1997,1005.3311767578125
Greece,GRC,1999,1337.3017578125
Greece,GRC,2001,1290.7059326171875
Greece,GRC,2003,1393.2989501953125
Greece,GRC,2005,1745.4920654296875
Greece,GRC,2006,1779.7491455078125
Greece,GRC,2007,1889.6873779296875
Greece,GRC,2011,2278.517822265625
Greece,GRC,2012,2300.314453125
Greece,GRC,2013,2721.31103515625
Greece,GRC,2014,2791.87158203125
Greece,GRC,2015,3255.986328125
Greece,GRC,2016,2769.89990234375
Greece,GRC,2017,3311.448486328125
Greece,GRC,2018,3482.716552734375
Greenland,GRL,2001,536.1549682617188
Greenland,GRL,2002,539.6510620117188
Greenland,GRL,2003,647.1749877929688
Greenland,GRL,2004,701.711181640625
Guam,GUM,2003,285.3211669921875
Guam,GUM,2004,316.2535400390625
Guam,GUM,2005,303.0264892578125
Guatemala,GTM,2005,29.627300262451172
Guatemala,GTM,2006,24.25912094116211
Guatemala,GTM,2007,34.0867805480957
Guatemala,GTM,2008,38.55373001098633
Guatemala,GTM,2009,38.69725036621094
Guatemala,GTM,2010,24.81131935119629
Guatemala,GTM,2011,24.751150131225586
Guatemala,GTM,2012,26.914159774780273
Guatemala,GTM,2013,17.3764591217041
Guatemala,GTM,2014,20.284820556640625
Guatemala,GTM,2015,22.15053939819336
Guatemala,GTM,2016,22.070690155029297
Guatemala,GTM,2017,14.070380210876465
Guatemala,GTM,2018,12.871170043945312
High income,,1996,2850.095703125
High income,,1997,2876.665283203125
High income,,1998,2957.581787109375
High income,,1999,3023.525634765625
High income,,2000,3094.87255859375
High income,,2001,3194.787109375
High income,,2002,3231.123779296875
High income,,2003,3393.5400390625
High income,,2004,3477.25537109375
High income,,2005,3548.56689453125
High income,,2006,3655.564208984375
High income,,2007,3641.398193359375
High income,,2008,3749.5
High income,,2009,3809.029296875
High income,,2010,3830.292724609375
High income,,2011,3879.28076171875
High income,,2012,3927.443603515625
High income,,2013,4019.1083984375
High income,,2014,4120.56884765625
High income,,2015,4174.390625
High income,,2016,4223.23193359375
High income,,2017,4412.96630859375
Honduras,HND,2015,22.38581085205078
Honduras,HND,2017,34.68019104003906
Hong Kong,HKG,1998,1062.6474609375
Hong Kong,HKG,1999,1214.5712890625
Hong Kong,HKG,2000,1169.7877197265625
Hong Kong,HKG,2001,1372.7401123046875
Hong Kong,HKG,2002,1587.4898681640625
Hong Kong,HKG,2003,2007.085205078125
Hong Kong,HKG,2004,2163.667724609375
Hong Kong,HKG,2005,2662.50146484375
Hong Kong,HKG,2006,2694.02880859375
Hong Kong,HKG,2007,2858.619384765625
Hong Kong,HKG,2008,2680.9599609375
Hong Kong,HKG,2009,2784.692626953125
Hong Kong,HKG,2010,3114.552001953125
Hong Kong,HKG,2011,3085.381103515625
Hong Kong,HKG,2012,3191.214111328125
Hong Kong,HKG,2013,3377.874267578125
Hong Kong,HKG,2014,3591.1962890625
Hong Kong,HKG,2015,3565.128662109375
Hong Kong,HKG,2016,3741.263671875
Hong Kong,HKG,2017,3782.3408203125
Hong Kong,HKG,2018,4026.598876953125
Hungary,HUN,1996,1007.3116455078125
Hungary,HUN,1997,1082.0218505859375
Hungary,HUN,1998,1141.1920166015625
Hungary,HUN,1999,1227.2894287109375
Hungary,HUN,2000,1409.5191650390625
Hungary,HUN,2001,1438.7672119140625
Hungary,HUN,2002,1471.8779296875
Hungary,HUN,2003,1496.84326171875
Hungary,HUN,2004,1473.531005859375
Hungary,HUN,2005,1574.271240234375
Hungary,HUN,2006,1744.9886474609375
Hungary,HUN,2007,1734.910400390625
Hungary,HUN,2008,1851.9061279296875
Hungary,HUN,2009,2014.5712890625
Hungary,HUN,2010,2149.814208984375
Hungary,HUN,2011,2326.16650390625
Hungary,HUN,2012,2416.4775390625
Hungary,HUN,2013,2546.084716796875
Hungary,HUN,2014,2673.434326171875
Hungary,HUN,2015,2589.097900390625
Hungary,HUN,2016,2645.7568359375
Hungary,HUN,2017,2921.533203125
Hungary,HUN,2018,3237.703125
Iceland,ISL,1997,4916.962890625
Iceland,ISL,1998,5137.35400390625
Iceland,ISL,1999,5677.115234375
Iceland,ISL,2001,6572.47802734375
Iceland,ISL,2003,6657.359375
Iceland,ISL,2005,7305.265625
Iceland,ISL,2006,8006.6728515625
Iceland,ISL,2007,7235.986328125
Iceland,ISL,2008,7423.61083984375
Iceland,ISL,2009,7925.9765625
Iceland,ISL,2011,6981.3955078125
Iceland,ISL,2013,5648.3603515625
Iceland,ISL,2015,5887.90673828125
Iceland,ISL,2017,6130.51123046875
India,IND,1996,152.00660705566406
India,IND,1998,115.28189849853516
India,IND,2000,109.72807312011719
India,IND,2005,134.91256713867188
India,IND,2010,156.21966552734375
India,IND,2015,216.00082397460938
India,IND,2018,252.70391845703125
Indonesia,IDN,2000,212.67640686035156
Indonesia,IDN,2001,199.23757934570312
Indonesia,IDN,2009,89.46839904785156
Indonesia,IDN,2016,178.87539672851562
Indonesia,IDN,2017,215.19041442871094
Indonesia,IDN,2018,215.99354553222656
Iran,IRN,2006,716.4080810546875
Iran,IRN,2008,752.4617919921875
Iran,IRN,2009,716.5734252929688
Iran,IRN,2010,743.1009521484375
Iran,IRN,2012,697.0623168945312
Iran,IRN,2013,679.3889770507812
Iran,IRN,2015,825.279296875
Iran,IRN,2017,1474.9134521484375
Iraq,IRQ,2007,377.5180358886719
Iraq,IRQ,2008,391.4640808105469
Iraq,IRQ,2009,415.8330993652344
Iraq,IRQ,2010,432.01568603515625
Iraq,IRQ,2011,441.29754638671875
Iraq,IRQ,2014,69.56884765625
Iraq,IRQ,2015,65.81002807617188
Iraq,IRQ,2016,64.76252746582031
Iraq,IRQ,2017,105.92266082763672
Iraq,IRQ,2018,111.13687133789062
Ireland,IRL,1996,1773.7515869140625
Ireland,IRL,1997,1930.2275390625
Ireland,IRL,1998,2093.25537109375
Ireland,IRL,1999,2110.96533203125
Ireland,IRL,2000,2251.062255859375
Ireland,IRL,2001,2329.107177734375
Ireland,IRL,2002,2399.182373046875
Ireland,IRL,2003,2522.313720703125
Ireland,IRL,2004,2713.072265625
Ireland,IRL,2005,2797.9658203125
Ireland,IRL,2006,2877.11767578125
Ireland,IRL,2007,2935.434326171875
Ireland,IRL,2008,3284.0625
Ireland,IRL,2009,3156.916259765625
Ireland,IRL,2010,3112.6484375
Ireland,IRL,2011,3325.77880859375
Ireland,IRL,2012,4853.9580078125
Ireland,IRL,2013,5136.47509765625
Ireland,IRL,2014,5304.4794921875
Ireland,IRL,2015,5270.65966796875
Ireland,IRL,2016,5178.203125
Ireland,IRL,2017,5401.03564453125
Ireland,IRL,2018,5243.12646484375
Italy,ITA,1996,1339.537353515625
Italy,ITA,1997,1154.47802734375
Italy,ITA,1998,1151.75927734375
Italy,ITA,1999,1149.011962890625
Italy,ITA,2000,1166.1220703125
Italy,ITA,2001,1172.7794189453125
Italy,ITA,2002,1245.8702392578125
Italy,ITA,2003,1221.7979736328125
Italy,ITA,2004,1242.6929931640625
Italy,ITA,2005,1415.360107421875
Italy,ITA,2006,1510.5166015625
Italy,ITA,2007,1583.0380859375
Italy,ITA,2008,1625.3033447265625
Italy,ITA,2009,1723.0203857421875
Italy,ITA,2010,1743.3443603515625
Italy,ITA,2011,1781.3885498046875
Italy,ITA,2012,1848.6268310546875
Italy,ITA,2013,1930.686767578125
Italy,ITA,2014,1956.360595703125
Italy,ITA,2015,2077.882568359375
Italy,ITA,2016,2204.076171875
Italy,ITA,2017,2313.65478515625
Italy,ITA,2018,2306.766357421875
Japan,JPN,1996,4874.802734375
Japan,JPN,1997,4928.90283203125
Japan,JPN,1998,5135.7626953125
Japan,JPN,1999,5174.98095703125
Japan,JPN,2000,5078.033203125
Japan,JPN,2001,5113.158203125
Japan,JPN,2002,4871.5302734375
Japan,JPN,2003,5094.3095703125
Japan,JPN,2004,5099.263671875
Japan,JPN,2005,5303.91650390625
Japan,JPN,2006,5333.04345703125
Japan,JPN,2007,5325.62353515625
Japan,JPN,2008,5108.78271484375
Japan,JPN,2009,5099.2109375
Japan,JPN,2010,5103.62548828125
Japan,JPN,2011,5110.16552734375
Japan,JPN,2012,5032.93115234375
Japan,JPN,2013,5147.43505859375
Japan,JPN,2014,5328.40966796875
Japan,JPN,2015,5173.03076171875
Japan,JPN,2016,5209.369140625
Japan,JPN,2017,5304.1376953125
Japan,JPN,2018,5331.150390625
Jordan,JOR,1998,1838.6015625
Jordan,JOR,2015,252.41256713867188
Jordan,JOR,2016,592.404296875
Jordan,JOR,2017,595.9629516601562
Kazakhstan,KAZ,2007,406.5697326660156
Kazakhstan,KAZ,2008,376.494384765625
Kazakhstan,KAZ,2009,348.62542724609375
Kazakhstan,KAZ,2010,370.53265380859375
Kazakhstan,KAZ,2011,385.9151916503906
Kazakhstan,KAZ,2012,612.1830444335938
Kazakhstan,KAZ,2013,737.2203369140625
Kazakhstan,KAZ,2014,798.6654052734375
Kazakhstan,KAZ,2015,777.144775390625
Kazakhstan,KAZ,2016,693.6834106445312
Kazakhstan,KAZ,2017,666.1497192382812
Kazakhstan,KAZ,2018,666.935302734375
Kenya,KEN,2007,54.39476013183594
Kenya,KEN,2010,221.38592529296875
Kuwait,KWT,1997,194.7076873779297
Kuwait,KWT,1998,180.21766662597656
Kuwait,KWT,1999,167.0393524169922
Kuwait,KWT,2000,158.42567443847656
Kuwait,KWT,2001,159.75033569335938
Kuwait,KWT,2002,161.90945434570312
Kuwait,KWT,2003,165.61607360839844
Kuwait,KWT,2004,169.50755310058594
Kuwait,KWT,2005,169.1482391357422
Kuwait,KWT,2006,165.1449737548828
Kuwait,KWT,2007,188.49696350097656
Kuwait,KWT,2008,151.73141479492188
Kuwait,KWT,2009,142.50039672851562
Kuwait,KWT,2010,136.03468322753906
Kuwait,KWT,2011,129.73239135742188
Kuwait,KWT,2012,131.08966064453125
Kuwait,KWT,2014,620.1670532226562
Kuwait,KWT,2015,395.76690673828125
Kuwait,KWT,2016,478.1551208496094
Kuwait,KWT,2017,501.565673828125
Kuwait,KWT,2018,513.8602294921875
Laos,LAO,2002,15.837630271911621
Latin America and Caribbean,,2000,296.27587890625
Latin America and Caribbean,,2001,305.64434814453125
Latin America and Caribbean,,2002,354.8310241699219
Latin America and Caribbean,,2003,379.5097351074219
Latin America and Caribbean,,2005,457.09271240234375
Latin America and Caribbean,,2006,456.4261169433594
Latin America and Caribbean,,2007,469.01422119140625
Latin America and Caribbean,,2008,483.5736083984375
Latin America and Caribbean,,2009,506.37847900390625
Latin America and Caribbean,,2010,536.4258422851562
Latin America and Caribbean,,2011,568.3602905273438
Latin America and Caribbean,,2012,576.8098754882812
Latin America and Caribbean,,2013,555.90087890625
Latin America and Caribbean,,2014,580.1655883789062
Latvia,LVA,1996,1145.2974853515625
Latvia,LVA,1997,1063.8701171875
Latvia,LVA,1998,1052.025634765625
Latvia,LVA,1999,1090.4898681640625
Latvia,LVA,2000,1599.72216796875
Latvia,LVA,2001,1482.6007080078125
Latvia,LVA,2002,1479.5093994140625
Latvia,LVA,2003,1389.0767822265625
Latvia,LVA,2004,1458.5849609375
Latvia,LVA,2005,1457.375732421875
Latvia,LVA,2006,1768.48681640625
Latvia,LVA,2007,1891.188232421875
Latvia,LVA,2008,2012.6572265625
Latvia,LVA,2009,1688.2811279296875
Latvia,LVA,2010,1838.7237548828125
Latvia,LVA,2011,1885.2603759765625
Latvia,LVA,2012,1886.8873291015625
Latvia,LVA,2013,1772.6534423828125
Latvia,LVA,2014,1854.3265380859375
Latvia,LVA,2015,1808.6033935546875
Latvia,LVA,2016,1596.542724609375
Latvia,LVA,2017,1784.6370849609375
Latvia,LVA,2018,1792.1044921875
Lesotho,LSO,2002,5.911829948425293
Lesotho,LSO,2003,7.431819915771484
Lesotho,LSO,2004,9.970390319824219
Lesotho,LSO,2009,23.013559341430664
Lesotho,LSO,2011,5.93874979019165
Lesotho,LSO,2015,24.113399505615234
Lithuania,LTU,1996,2090.04150390625
Lithuania,LTU,1997,2178.82568359375
Lithuania,LTU,1998,2372.901611328125
Lithuania,LTU,1999,2419.54150390625
Lithuania,LTU,2000,2220.8330078125
Lithuania,LTU,2001,2324.660888671875
Lithuania,LTU,2002,1836.4107666015625
Lithuania,LTU,2003,1934.766845703125
Lithuania,LTU,2004,2175.603271484375
Lithuania,LTU,2005,2283.60888671875
Lithuania,LTU,2006,2415.740478515625
Lithuania,LTU,2007,2598.05224609375
Lithuania,LTU,2008,2624.76025390625
Lithuania,LTU,2009,2680.546142578125
Lithuania,LTU,2010,2752.722900390625
Lithuania,LTU,2011,2721.01953125
Lithuania,LTU,2012,2634.325927734375
Lithuania,LTU,2013,2843.8642578125
Lithuania,LTU,2014,3054.01611328125
Lithuania,LTU,2015,2785.584716796875
Lithuania,LTU,2016,2950.279296875
Lithuania,LTU,2017,3071.960693359375
Lithuania,LTU,2018,3190.702392578125
Low and middle income,,2005,566.8793334960938
Low and middle income,,2010,619.2525634765625
Low and middle income,,2015,717.431884765625
Luxembourg,LUX,2000,3773.42041015625
Luxembourg,LUX,2003,4357.04052734375
Luxembourg,LUX,2004,4494.72021484375
Luxembourg,LUX,2005,4864.12353515625
Luxembourg,LUX,2006,4411.8466796875
Luxembourg,LUX,2007,4633.67138671875
Luxembourg,LUX,2008,4712.765625
Luxembourg,LUX,2009,4826.32373046875
Luxembourg,LUX,2010,5144.982421875
Luxembourg,LUX,2011,5451.361328125
Luxembourg,LUX,2012,4352.17041015625
Luxembourg,LUX,2013,4614.2177734375
Luxembourg,LUX,2014,4741.0712890625
Luxembourg,LUX,2015,4480.00048828125
Luxembourg,LUX,2016,4667.99267578125
Luxembourg,LUX,2017,4960.21337890625
Luxembourg,LUX,2018,4941.7041015625
Macao,MAC,2001,260.995849609375
Macao,MAC,2002,233.94627380371094
Macao,MAC,2003,319.2333068847656
Macao,MAC,2004,518.2390747070312
Macao,MAC,2005,616.1231689453125
Macao,MAC,2006,556.0966796875
Macao,MAC,2007,387.9003601074219
Macao,MAC,2008,388.5575256347656
Macao,MAC,2009,569.7188110351562
Macao,MAC,2010,649.8469848632812
Macao,MAC,2011,610.531005859375
Macao,MAC,2012,736.6511840820312
Macao,MAC,2013,913.2760009765625
Macao,MAC,2014,1031.4669189453125
Macao,MAC,2015,1276.890625
Macao,MAC,2016,2648.294189453125
Macao,MAC,2017,3227.404052734375
Macao,MAC,2018,3543.206298828125
Madagascar,MDG,1998,14.383350372314453
Madagascar,MDG,1999,14.853569984436035
Madagascar,MDG,2000,15.221850395202637
Madagascar,MDG,2001,50.55060958862305
Madagascar,MDG,2002,47.00236129760742
Madagascar,MDG,2003,47.108821868896484
Madagascar,MDG,2004,47.63243103027344
Madagascar,MDG,2005,47.936588287353516
Madagascar,MDG,2006,47.615848541259766
Madagascar,MDG,2007,48.215641021728516
Madagascar,MDG,2008,46.508201599121094
Madagascar,MDG,2009,45.213409423828125
Madagascar,MDG,2010,51.95814895629883
Madagascar,MDG,2011,50.864681243896484
Madagascar,MDG,2016,24.70438003540039
Madagascar,MDG,2017,30.6212100982666
Madagascar,MDG,2018,34.04117965698242
Malawi,MWI,2007,30.408180236816406
Malawi,MWI,2010,50.35210037231445
Malaysia,MYS,1996,90.11489868164062
Malaysia,MYS,1998,154.46771240234375
Malaysia,MYS,2000,276.9090576171875
Malaysia,MYS,2002,295.6619567871094
Malaysia,MYS,2004,502.9444885253906
Malaysia,MYS,2006,369.9837646484375
Malaysia,MYS,2008,600.107421875
Malaysia,MYS,2009,1067.5369873046875
Malaysia,MYS,2010,1462.46875
Malaysia,MYS,2011,1648.8836669921875
Malaysia,MYS,2012,1790.694580078125
Malaysia,MYS,2014,2054.167236328125
Malaysia,MYS,2015,2307.954345703125
Malaysia,MYS,2016,2396.5400390625
Malaysia,MYS,2018,2184.722412109375
Mali,MLI,2006,38.85369110107422
Mali,MLI,2010,29.40325927734375
Mali,MLI,2015,30.842180252075195
Mali,MLI,2017,32.860618591308594
Malta,MLT,2002,682.1864013671875
Malta,MLT,2003,688.5214233398438
Malta,MLT,2004,1082.3773193359375
Malta,MLT,2005,1183.730224609375
Malta,MLT,2006,1282.21533203125
Malta,MLT,2007,1206.3199462890625
Malta,MLT,2008,1321.15234375
Malta,MLT,2009,1200.3343505859375
Malta,MLT,2010,1417.0084228515625
Malta,MLT,2011,1785.910888671875
Malta,MLT,2012,1986.68115234375
Malta,MLT,2013,1886.6551513671875
Malta,MLT,2014,1831.718994140625
Malta,MLT,2015,1891.32275390625
Malta,MLT,2016,2054.5888671875
Malta,MLT,2017,2130.462890625
Malta,MLT,2018,1946.508544921875
Mauritius,MUS,2012,181.8126678466797
Mauritius,MUS,2018,473.8526611328125
Mexico,MEX,1996,213.5762939453125
Mexico,MEX,1997,226.3690185546875
Mexico,MEX,1998,216.87277221679688
Mexico,MEX,1999,224.43492126464844
Mexico,MEX,2000,224.75262451171875
Mexico,MEX,2001,233.207763671875
Mexico,MEX,2002,306.1618957519531
Mexico,MEX,2003,325.54974365234375
Mexico,MEX,2004,380.07965087890625
Mexico,MEX,2005,414.338134765625
Mexico,MEX,2006,337.15087890625
Mexico,MEX,2007,347.43817138671875
Mexico,MEX,2008,339.65447998046875
Mexico,MEX,2009,382.10137939453125
Mexico,MEX,2010,337.41656494140625
Mexico,MEX,2011,344.228515625
Mexico,MEX,2012,248.08538818359375
Mexico,MEX,2013,251.79954528808594
Mexico,MEX,2014,260.18939208984375
Mexico,MEX,2015,281.32421875
Mexico,MEX,2016,315.26251220703125
Middle income,,2000,483.22894287109375
Middle income,,2005,584.5604858398438
Middle income,,2010,652.385986328125
Middle income,,2015,741.5243530273438
Moldova,MDA,2003,758.7108154296875
Moldova,MDA,2004,756.852783203125
Moldova,MDA,2005,719.5114135742188
Moldova,MDA,2006,700.062255859375
Moldova,MDA,2007,725.5010986328125
Moldova,MDA,2008,822.1416015625
Moldova,MDA,2009,802.8184204101562
Moldova,MDA,2010,760.8631591796875
Moldova,MDA,2011,777.347412109375
Moldova,MDA,2012,768.64794921875
Moldova,MDA,2013,737.2877807617188
Moldova,MDA,2014,746.8020629882812
Moldova,MDA,2015,758.2205200195312
Moldova,MDA,2016,725.7413330078125
Moldova,MDA,2017,723.882080078125
Moldova,MDA,2018,696.0776977539062
Monaco,MCO,2004,268.6567077636719
Monaco,MCO,2005,295.4820861816406
Montenegro,MNE,2011,649.79931640625
Montenegro,MNE,2013,645.0119018554688
Montenegro,MNE,2014,671.8317260742188
Montenegro,MNE,2015,834.6199951171875
Montenegro,MNE,2016,715.8070678710938
Montenegro,MNE,2017,702.71826171875
Montenegro,MNE,2018,734.2997436523438
Morocco,MAR,2006,648.3429565429688
Morocco,MAR,2007,640.61767578125
Morocco,MAR,2008,656.470947265625
Morocco,MAR,2010,719.776123046875
Morocco,MAR,2011,845.40673828125
Morocco,MAR,2012,850.2781372070312
Morocco,MAR,2014,1024.353515625
Morocco,MAR,2016,1073.540283203125
Mozambique,MOZ,2006,15.9866304397583
Mozambique,MOZ,2008,19.922250747680664
Mozambique,MOZ,2009,11.905810356140137
Mozambique,MOZ,2010,38.77088928222656
Mozambique,MOZ,2015,42.96538162231445
Myanmar,MMR,1997,7.306690216064453
Myanmar,MMR,1998,7.366610050201416
Myanmar,MMR,1999,11.043479919433594
Myanmar,MMR,2001,12.154549598693848
Myanmar,MMR,2002,17.546369552612305
Myanmar,MMR,2017,29.073190689086914
Namibia,NAM,2014,149.46624755859375
Nepal,NPL,2002,60.66579818725586
Netherlands,NLD,1996,2283.2626953125
Netherlands,NLD,1997,2430.6513671875
Netherlands,NLD,1998,2482.019287109375
Netherlands,NLD,1999,2639.824462890625
Netherlands,NLD,2000,2649.34716796875
Netherlands,NLD,2001,2846.714599609375
Netherlands,NLD,2002,2723.403564453125
Netherlands,NLD,2003,2703.853515625
Netherlands,NLD,2004,2971.784912109375
Netherlands,NLD,2005,2923.781982421875
Netherlands,NLD,2006,3232.94921875
Netherlands,NLD,2007,3093.115966796875
Netherlands,NLD,2008,3061.726318359375
Netherlands,NLD,2009,2824.30810546875
Netherlands,NLD,2010,3219.041259765625
Netherlands,NLD,2011,3664.365966796875
Netherlands,NLD,2012,4361.3505859375
Netherlands,NLD,2013,4551.9306640625
Netherlands,NLD,2014,4512.5986328125
Netherlands,NLD,2015,4673.08251953125
Netherlands,NLD,2016,4776.84423828125
Netherlands,NLD,2017,4887.2158203125
Netherlands,NLD,2018,5604.541015625
New Zealand,NZL,1997,2202.41455078125
New Zealand,NZL,1999,2296.41162109375
New Zealand,NZL,2001,2642.957275390625
New Zealand,NZL,2003,3073.791015625
New Zealand,NZL,2005,3140.23828125
New Zealand,NZL,2007,3449.052978515625
New Zealand,NZL,2009,3723.975341796875
New Zealand,NZL,2011,3688.88623046875
New Zealand,NZL,2013,3961.478515625
New Zealand,NZL,2015,5417.66748046875
New Zealand,NZL,2017,5529.52197265625
Nicaragua,NIC,1997,70.42748260498047
Niger,NER,2001,9.275520324707031
Niger,NER,2002,8.531599998474121
Niger,NER,2003,7.906400203704834
Niger,NER,2004,8.075630187988281
Niger,NER,2005,7.413129806518555
Niger,NER,2013,26.464149475097656
Nigeria,NGA,2007,38.78981018066406
North America,,1996,3134.084228515625
North America,,1997,3232.461669921875
North America,,1998,3385.02734375
North America,,1999,3445.061279296875
North America,,2000,3499.419921875
North America,,2001,3581.24755859375
North America,,2002,3658.7783203125
North America,,2003,3896.735107421875
North America,,2004,3819.47314453125
North America,,2005,3792.44873046875
North America,,2006,3857.187255859375
North America,,2007,3861.322265625
North America,,2008,4012.356689453125
North America,,2009,4125.95849609375
North America,,2010,3960.4765625
North America,,2011,4101.86474609375
North America,,2012,4054.041748046875
North America,,2013,4144.06005859375
North America,,2014,4238.9677734375
North America,,2015,4293.40673828125
North America,,2016,4260.00146484375
North America,,2017,4403.66552734375
North Macedonia,MKD,1997,612.123046875
North Macedonia,MKD,1998,683.3802490234375
North Macedonia,MKD,1999,669.830078125
North Macedonia,MKD,2000,651.16357421875
North Macedonia,MKD,2001,606.9974975585938
North Macedonia,MKD,2002,568.1019287109375
North Macedonia,MKD,2003,544.4559326171875
North Macedonia,MKD,2004,519.6767578125
North Macedonia,MKD,2005,540.2196655273438
North Macedonia,MKD,2006,514.7515869140625
North Macedonia,MKD,2007,502.55975341796875
North Macedonia,MKD,2008,468.24066162109375
North Macedonia,MKD,2009,431.6013488769531
North Macedonia,MKD,2010,532.1283569335938
North Macedonia,MKD,2011,445.2235412597656
North Macedonia,MKD,2012,611.7791137695312
North Macedonia,MKD,2013,675.27685546875
North Macedonia,MKD,2014,837.5786743164062
North Macedonia,MKD,2015,858.450439453125
North Macedonia,MKD,2016,854.334228515625
North Macedonia,MKD,2017,729.3577880859375
North Macedonia,MKD,2018,799.2723999023438
Norway,NOR,1997,3956.779052734375
Norway,NOR,1999,4089.17822265625
Norway,NOR,2001,4352.060546875
Norway,NOR,2003,4495.9130859375
Norway,NOR,2004,4493.548828125
Norway,NOR,2005,4576.56201171875
Norway,NOR,2006,4831.93408203125
Norway,NOR,2007,5159.67919921875
Norway,NOR,2008,5361.11865234375
Norway,NOR,2009,5443.0966796875
Norway,NOR,2010,5413.76611328125
Norway,NOR,2011,5502.46240234375
Norway,NOR,2012,5552.974609375
Norway,NOR,2013,5573.826171875
Norway,NOR,2014,5685.626953125
Norway,NOR,2015,5890.955078125
Norway,NOR,2016,6077.56787109375
Norway,NOR,2017,6350.0625
Norway,NOR,2018,6466.7001953125
Oman,OMN,2011,148.75851440429688
Oman,OMN,2012,172.55775451660156
Oman,OMN,2013,132.07693481445312
Oman,OMN,2014,177.91253662109375
Oman,OMN,2015,212.53692626953125
Oman,OMN,2016,239.80296325683594
Oman,OMN,2017,242.41050720214844
Oman,OMN,2018,281.1611022949219
Pakistan,PAK,1997,76.1269302368164
Pakistan,PAK,2005,79.15585327148438
Pakistan,PAK,2007,156.95309448242188
Pakistan,PAK,2009,157.25340270996094
Pakistan,PAK,2011,143.02920532226562
Pakistan,PAK,2013,158.12962341308594
Pakistan,PAK,2015,278.8539733886719
Pakistan,PAK,2017,335.5806579589844
Palestine,PSE,2007,74.53826141357422
Palestine,PSE,2008,94.12242889404297
Palestine,PSE,2009,143.26611328125
Palestine,PSE,2010,323.5008239746094
Palestine,PSE,2013,575.1094360351562
Panama,PAN,1996,111.82669830322266
Panama,PAN,1997,114.50945281982422
Panama,PAN,1998,158.2932586669922
Panama,PAN,1999,96.93065643310547
Panama,PAN,2000,94.37921905517578
Panama,PAN,2001,89.33055877685547
Panama,PAN,2002,94.31002807617188
Panama,PAN,2003,94.73213958740234
Panama,PAN,2004,84.7261734008789
Panama,PAN,2005,103.29656982421875
Panama,PAN,2006,104.96317291259766
Panama,PAN,2007,165.6206817626953
Panama,PAN,2008,131.67608642578125
Panama,PAN,2009,110.08000183105469
Panama,PAN,2011,118.17131805419922
Panama,PAN,2012,37.65953063964844
Panama,PAN,2013,39.10898971557617
Papua New Guinea,PNG,2016,35.48820877075195
Paraguay,PRY,2001,88.58892059326172
Paraguay,PRY,2002,82.24929809570312
Paraguay,PRY,2003,81.37783813476562
Paraguay,PRY,2004,86.3966064453125
Paraguay,PRY,2005,71.97683715820312
Paraguay,PRY,2008,76.62840270996094
Paraguay,PRY,2011,50.047550201416016
Paraguay,PRY,2012,168.34039306640625
Paraguay,PRY,2014,152.20790100097656
Paraguay,PRY,2015,182.69493103027344
Paraguay,PRY,2016,121.10579681396484
Paraguay,PRY,2017,135.1378631591797
Paraguay,PRY,2018,139.73414611816406
Philippines,PHL,2002,53.74530029296875
Philippines,PHL,2003,70.5582275390625
Philippines,PHL,2005,79.88300323486328
Philippines,PHL,2007,77.81401824951172
Philippines,PHL,2009,81.2126235961914
Philippines,PHL,2011,84.10553741455078
Philippines,PHL,2013,186.91775512695312
Philippines,PHL,2015,105.68077850341797
Poland,POL,1996,1362.618896484375
Poland,POL,1997,1442.5277099609375
Poland,POL,1998,1456.7657470703125
Poland,POL,1999,1463.21337890625
Poland,POL,2000,1430.9837646484375
Poland,POL,2001,1457.2698974609375
Poland,POL,2002,1473.811279296875
Poland,POL,2003,1524.2513427734375
Poland,POL,2004,1587.1015625
Poland,POL,2005,1620.1173095703125
Poland,POL,2006,1553.21484375
Poland,POL,2007,1600.7811279296875
Poland,POL,2008,1611.32373046875
Poland,POL,2009,1593.2711181640625
Poland,POL,2010,1683.05419921875
Poland,POL,2011,1675.0616455078125
Poland,POL,2012,1752.706787109375
Poland,POL,2013,1873.0599365234375
Poland,POL,2014,2064.049560546875
Poland,POL,2015,2171.578857421875
Poland,POL,2016,2320.7900390625
Poland,POL,2017,3019.114501953125
Poland,POL,2018,3106.11962890625
Portugal,PRT,1996,1245.3848876953125
Portugal,PRT,1997,1340.8251953125
Portugal,PRT,1998,1438.8907470703125
Portugal,PRT,1999,1536.058837890625
Portugal,PRT,2000,1625.5341796875
Portugal,PRT,2001,1713.9866943359375
Portugal,PRT,2002,1827.804931640625
Portugal,PRT,2003,1940.820068359375
Portugal,PRT,2004,1975.3873291015625
Portugal,PRT,2005,2010.3974609375
Portugal,PRT,2006,2338.183349609375
Portugal,PRT,2007,2664.854736328125
Portugal,PRT,2008,3813.757080078125
Portugal,PRT,2009,3756.5009765625
Portugal,PRT,2010,3918.759033203125
Portugal,PRT,2011,4168.26708984375
Portugal,PRT,2012,4037.33203125
Portugal,PRT,2013,3610.553466796875
Portugal,PRT,2014,3662.37548828125
Portugal,PRT,2015,3729.77294921875
Portugal,PRT,2016,4004.576416015625
Portugal,PRT,2017,4367.73291015625
Portugal,PRT,2018,4537.53173828125
Puerto Rico,PRI,2013,273.98370361328125
Puerto Rico,PRI,2015,348.3642578125
Qatar,QAT,2012,548.0009155273438
Qatar,QAT,2015,583.9826049804688
Qatar,QAT,2018,577.3485107421875
Romania,ROU,1996,1328.74658203125
Romania,ROU,1997,1255.919189453125
Romania,ROU,1998,1223.789306640625
Romania,ROU,1999,1052.689453125
Romania,ROU,2000,924.9497680664062
Romania,ROU,2001,897.0706176757812
Romania,ROU,2002,928.281982421875
Romania,ROU,2003,965.2213134765625
Romania,ROU,2004,985.1289672851562
Romania,ROU,2005,1071.9376220703125
Romania,ROU,2006,895.7675170898438
Romania,ROU,2007,894.163330078125
Romania,ROU,2008,931.0825805664062
Romania,ROU,2009,933.7633666992188
Romania,ROU,2010,966.2041625976562
Romania,ROU,2011,790.6880493164062
Romania,ROU,2012,890.6699829101562
Romania,ROU,2013,922.674560546875
Romania,ROU,2014,903.8262939453125
Romania,ROU,2015,876.2282104492188
Romania,ROU,2016,911.585205078125
Romania,ROU,2017,891.3212280273438
Romania,ROU,2018,882.4412841796875
Russia,RUS,1996,3797.2353515625
Russia,RUS,1997,3604.338623046875
Russia,RUS,1998,3342.100830078125
Russia,RUS,1999,3383.091552734375
Russia,RUS,2000,3459.037109375
Russia,RUS,2001,3468.254150390625
Russia,RUS,2002,3387.677734375
Russia,RUS,2003,3370.95654296875
Russia,RUS,2004,3315.136474609375
Russia,RUS,2005,3233.592041015625
Russia,RUS,2006,3238.120361328125
Russia,RUS,2007,3274.156494140625
Russia,RUS,2008,3149.856201171875
Russia,RUS,2009,3085.694091796875
Russia,RUS,2010,3081.0791015625
Russia,RUS,2011,3114.61083984375
Russia,RUS,2012,3078.387451171875
Russia,RUS,2013,3052.69091796875
Russia,RUS,2014,3075.142578125
Russia,RUS,2015,3098.1123046875
Russia,RUS,2016,2952.2138671875
Russia,RUS,2017,2821.526611328125
Russia,RUS,2018,2784.332275390625
Rwanda,RWA,2008,10.898170471191406
Rwanda,RWA,2009,12.5935697555542
Rwanda,RWA,2013,15.548199653625488
Rwanda,RWA,2016,13.860859870910645
Senegal,SEN,2006,264.5342712402344
Senegal,SEN,2007,280.3951110839844
Senegal,SEN,2008,377.09393310546875
Senegal,SEN,2010,369.0602111816406
Senegal,SEN,2015,564.3394775390625
Serbia,SRB,2007,1195.58642578125
Serbia,SRB,2008,1360.3662109375
Serbia,SRB,2009,1429.369384765625
Serbia,SRB,2010,1514.8419189453125
Serbia,SRB,2011,1624.008544921875
Serbia,SRB,2012,1643.3741455078125
Serbia,SRB,2013,1726.9730224609375
Serbia,SRB,2014,1830.992431640625
Serbia,SRB,2015,2071.216796875
Serbia,SRB,2016,2132.772705078125
Serbia,SRB,2017,2079.19970703125
Serbia,SRB,2018,2087.218994140625
Seychelles,SYC,2005,146.6474151611328
Singapore,SGP,1996,2503.44482421875
Singapore,SGP,1997,2586.2841796875
Singapore,SGP,1998,2951.8115234375
Singapore,SGP,1999,3185.648193359375
Singapore,SGP,2000,4128.40478515625
Singapore,SGP,2001,4105.91748046875
Singapore,SGP,2002,4414.81005859375
Singapore,SGP,2003,4849.2998046875
Singapore,SGP,2004,5113.2705078125
Singapore,SGP,2005,5576.89990234375
Singapore,SGP,2006,5686.4013671875
Singapore,SGP,2007,5962.7880859375
Singapore,SGP,2008,5829.34326171875
Singapore,SGP,2009,6146.3828125
Singapore,SGP,2010,6241.861328125
Singapore,SGP,2011,6405.068359375
Singapore,SGP,2012,6356.671875
Singapore,SGP,2013,6603.11181640625
Singapore,SGP,2014,6632.24365234375
Singapore,SGP,2015,7006.63037109375
Singapore,SGP,2016,6934.91064453125
Singapore,SGP,2017,6802.537109375
Slovakia,SVK,1996,1858.9404296875
Slovakia,SVK,1997,1853.5748291015625
Slovakia,SVK,1998,1880.3563232421875
Slovakia,SVK,1999,1705.168212890625
Slovakia,SVK,2000,1843.7879638671875
Slovakia,SVK,2001,1775.002685546875
Slovakia,SVK,2002,1700.146728515625
Slovakia,SVK,2003,1782.83251953125
Slovakia,SVK,2004,1985.0057373046875
Slovakia,SVK,2005,2022.7218017578125
Slovakia,SVK,2006,2181.25830078125
Slovakia,SVK,2007,2288.369140625
Slovakia,SVK,2008,2331.2529296875
Slovakia,SVK,2009,2460.585693359375
Slovakia,SVK,2010,2809.395751953125
Slovakia,SVK,2011,2833.440185546875
Slovakia,SVK,2012,2820.168701171875
Slovakia,SVK,2013,2716.367919921875
Slovakia,SVK,2014,2715.552490234375
Slovakia,SVK,2015,2650.2080078125
Slovakia,SVK,2016,2253.26171875
Slovakia,SVK,2017,2416.2236328125
Slovakia,SVK,2018,2995.957763671875
Slovenia,SVN,1996,2257.40673828125
Slovenia,SVN,1997,2023.693603515625
Slovenia,SVN,1998,2156.099609375
Slovenia,SVN,1999,2227.2734375
Slovenia,SVN,2000,2181.39697265625
Slovenia,SVN,2001,2263.18896484375
Slovenia,SVN,2002,2335.871337890625
Slovenia,SVN,2003,1899.025146484375
Slovenia,SVN,2004,2024.8997802734375
Slovenia,SVN,2005,2633.114501953125
Slovenia,SVN,2006,2924.9462890625
Slovenia,SVN,2007,3106.1796875
Slovenia,SVN,2008,3475.936279296875
Slovenia,SVN,2009,3661.11962890625
Slovenia,SVN,2010,3769.813720703125
Slovenia,SVN,2011,4277.314453125
Slovenia,SVN,2012,4317.18359375
Slovenia,SVN,2013,4220.32763671875
Slovenia,SVN,2014,4147.0615234375
Slovenia,SVN,2015,3814.2158203125
Slovenia,SVN,2016,3914.26123046875
Slovenia,SVN,2017,4479.400390625
Slovenia,SVN,2018,4854.5673828125
South Africa,ZAF,1997,198.49974060058594
South Africa,ZAF,2001,311.204833984375
South Africa,ZAF,2003,302.46453857421875
South Africa,ZAF,2004,378.8094787597656
South Africa,ZAF,2005,361.3785095214844
South Africa,ZAF,2006,383.02655029296875
South Africa,ZAF,2007,393.3301086425781
South Africa,ZAF,2008,389.40411376953125
South Africa,ZAF,2009,392.120361328125
South Africa,ZAF,2010,365.4951171875
South Africa,ZAF,2011,386.8001403808594
South Africa,ZAF,2012,404.7193603515625
South Africa,ZAF,2013,434.85308837890625
South Africa,ZAF,2014,432.16156005859375
South Africa,ZAF,2015,472.30755615234375
South Africa,ZAF,2016,492.0362548828125
South Africa,ZAF,2017,517.721923828125
South Asia,,1996,152.66217041015625
South Asia,,1998,115.28189849853516
South Asia,,2000,110.1712417602539
South Asia,,2005,128.07876586914062
South Asia,,2010,155.4024200439453
South Asia,,2015,222.68316650390625
South Asia,,2018,252.70391845703125
South Korea,KOR,1996,2173.350341796875
South Korea,KOR,1997,2222.267822265625
South Korea,KOR,1998,1984.97705078125
South Korea,KOR,1999,2131.358642578125
South Korea,KOR,2000,2287.28857421875
South Korea,KOR,2001,2857.84521484375
South Korea,KOR,2002,2956.632080078125
South Korea,KOR,2003,3134.090087890625
South Korea,KOR,2004,3221.460205078125
South Korea,KOR,2005,3692.16552734375
South Korea,KOR,2006,4091.4111328125
South Korea,KOR,2007,4525.93212890625
South Korea,KOR,2008,4801.2421875
South Korea,KOR,2009,4946.0859375
South Korea,KOR,2010,5330.80126953125
South Korea,KOR,2011,5802.8369140625
South Korea,KOR,2012,6304.13818359375
South Korea,KOR,2013,6392.63623046875
South Korea,KOR,2014,6826.27392578125
South Korea,KOR,2015,7013.49072265625
South Korea,KOR,2016,7086.4462890625
South Korea,KOR,2017,7497.59619140625
South Korea,KOR,2018,7980.3955078125
Spain,ESP,1996,1293.7696533203125
Spain,ESP,1997,1345.887451171875
Spain,ESP,1998,1499.170654296875
Spain,ESP,1999,1521.908447265625
Spain,ESP,2000,1878.0198974609375
Spain,ESP,2001,1938.0859375
Spain,ESP,2002,1987.5626220703125
Spain,ESP,2003,2172.0751953125
Spain,ESP,2004,2331.98486328125
Spain,ESP,2005,2492.559814453125
Spain,ESP,2006,2588.913818359375
Spain,ESP,2007,2699.24267578125
Spain,ESP,2008,2843.275146484375
Spain,ESP,2009,2872.33056640625
Spain,ESP,2010,2869.168701171875
Spain,ESP,2011,2765.997802734375
Spain,ESP,2012,2693.779541015625
Spain,ESP,2013,2625.681396484375
Spain,ESP,2014,2613.099853515625
Spain,ESP,2015,2623.354248046875
Spain,ESP,2016,2715.46533203125
Spain,ESP,2017,2855.74560546875
Spain,ESP,2018,3000.88720703125
Sri Lanka,LKA,1996,187.7250518798828
Sri Lanka,LKA,2000,135.10777282714844
Sri Lanka,LKA,2004,138.18429565429688
Sri Lanka,LKA,2006,93.06471252441406
Sri Lanka,LKA,2008,98.67902374267578
Sri Lanka,LKA,2010,105.6177978515625
Sri Lanka,LKA,2013,110.14833068847656
Sri Lanka,LKA,2014,98.94889068603516
Sri Lanka,LKA,2015,105.98799896240234
Sri Lanka,LKA,2016,106.84467315673828
Sri Lanka,LKA,2017,106.39893341064453
Sweden,SWE,1997,4158.1474609375
Sweden,SWE,1999,4499.0791015625
Sweden,SWE,2001,5169.30126953125
Sweden,SWE,2003,5383.046875
Sweden,SWE,2004,5426.0791015625
Sweden,SWE,2005,6085.1083984375
Sweden,SWE,2006,6126.64794921875
Sweden,SWE,2007,4999.7060546875
Sweden,SWE,2008,5437.1669921875
Sweden,SWE,2009,5079.7333984375
Sweden,SWE,2010,5251.4501953125
Sweden,SWE,2011,5144.5537109375
Sweden,SWE,2012,5164.09619140625
Sweden,SWE,2013,6674.349609375
Sweden,SWE,2014,6875.990234375
Sweden,SWE,2015,6834.0341796875
Sweden,SWE,2016,7154.529296875
Sweden,SWE,2017,7383.41943359375
Sweden,SWE,2018,7536.47509765625
Switzerland,CHE,1996,3140.792236328125
Switzerland,CHE,2000,3654.237548828125
Switzerland,CHE,2004,3468.1748046875
Switzerland,CHE,2008,3298.214599609375
Switzerland,CHE,2012,4468.6494140625
Switzerland,CHE,2015,5271.8681640625
Switzerland,CHE,2017,5450.431640625
Syria,SYR,2015,90.9575424194336
Tanzania,TZA,2010,36.07046890258789
Tanzania,TZA,2013,19.152019500732422
Thailand,THA,1996,100.41545867919922
Thailand,THA,1997,72.46092987060547
Thailand,THA,1999,167.22694396972656
Thailand,THA,2001,278.7255859375
Thailand,THA,2003,280.6202697753906
Thailand,THA,2005,313.46978759765625
Thailand,THA,2007,323.22955322265625
Thailand,THA,2009,329.0121154785156
Thailand,THA,2011,538.5199584960938
Thailand,THA,2013,790.8927001953125
Thailand,THA,2014,963.8546142578125
Thailand,THA,2015,864.6790771484375
Thailand,THA,2016,1208.458984375
Thailand,THA,2017,1350.34326171875
Togo,TGO,2003,26.638460159301758
Togo,TGO,2004,25.055940628051758
Togo,TGO,2005,33.145389556884766
Togo,TGO,2006,23.59930992126465
Togo,TGO,2007,36.48426818847656
Togo,TGO,2010,34.30567169189453
Togo,TGO,2011,34.456031799316406
Togo,TGO,2012,35.784889221191406
Togo,TGO,2014,38.04846954345703
Togo,TGO,2015,36.13195037841797
Togo,TGO,2016,32.177310943603516
Togo,TGO,2017,38.75703048706055
Togo,TGO,2018,48.05369186401367
Trinidad and Tobago,TTO,2017,517.3189697265625
Trinidad and Tobago,TTO,2018,566.9705200195312
Tunisia,TUN,2007,1087.850341796875
Tunisia,TUN,2008,1217.445068359375
Tunisia,TUN,2009,1490.5430908203125
Tunisia,TUN,2010,1384.7354736328125
Tunisia,TUN,2011,1431.40673828125
Tunisia,TUN,2012,1627.915283203125
Tunisia,TUN,2013,1801.158447265625
Tunisia,TUN,2014,1814.122314453125
Tunisia,TUN,2015,1799.0242919921875
Tunisia,TUN,2016,1982.228271484375
Tunisia,TUN,2018,1771.6077880859375
Turkey,TUR,1996,304.34197998046875
Turkey,TUR,1997,313.1885986328125
Turkey,TUR,1998,308.57818603515625
Turkey,TUR,1999,322.13580322265625
Turkey,TUR,2000,365.0052185058594
Turkey,TUR,2001,353.65643310546875
Turkey,TUR,2002,368.3301086425781
Turkey,TUR,2003,494.1790771484375
Turkey,TUR,2004,505.5376892089844
Turkey,TUR,2005,576.3914794921875
Turkey,TUR,2006,620.4982299804688
Turkey,TUR,2007,713.8048095703125
Turkey,TUR,2008,749.9560546875
Turkey,TUR,2009,809.8349609375
Turkey,TUR,2010,889.58447265625
Turkey,TUR,2011,981.8274536132812
Turkey,TUR,2012,1100.0841064453125
Turkey,TUR,2013,1173.188232421875
Turkey,TUR,2014,1160.923583984375
Turkey,TUR,2015,1211.7850341796875
Turkey,TUR,2016,1254.674560546875
Turkey,TUR,2017,1379.4119873046875
Uganda,UGA,2010,38.93836975097656
Uganda,UGA,2014,27.844959259033203
Ukraine,UKR,2006,1475.3946533203125
Ukraine,UKR,2007,1455.63525390625
Ukraine,UKR,2008,1428.2872314453125
Ukraine,UKR,2009,1345.593505859375
Ukraine,UKR,2010,1327.9913330078125
Ukraine,UKR,2011,1257.928466796875
Ukraine,UKR,2012,1231.025634765625
Ukraine,UKR,2013,1162.0491943359375
Ukraine,UKR,2014,1023.9266357421875
Ukraine,UKR,2015,1005.9971923828125
Ukraine,UKR,2016,1037.2408447265625
Ukraine,UKR,2017,994.0774536132812
Ukraine,UKR,2018,988.07666015625
United Arab Emirates,ARE,2015,1980.4781494140625
United Arab Emirates,ARE,2016,2383.083740234375
United Arab Emirates,ARE,2018,2378.888916015625
United Kingdom,GBR,1996,2490.554931640625
United Kingdom,GBR,1997,2497.820556640625
United Kingdom,GBR,1998,2694.617431640625
United Kingdom,GBR,1999,2853.965576171875
United Kingdom,GBR,2000,2894.514892578125
United Kingdom,GBR,2001,3080.694091796875
United Kingdom,GBR,2002,3340.2216796875
United Kingdom,GBR,2003,3638.09033203125
United Kingdom,GBR,2004,3824.261962890625
United Kingdom,GBR,2005,4123.53173828125
United Kingdom,GBR,2006,4176.3125
United Kingdom,GBR,2007,4111.140625
United Kingdom,GBR,2008,4053.92724609375
United Kingdom,GBR,2009,4076.552001953125
United Kingdom,GBR,2010,4043.26708984375
United Kingdom,GBR,2011,3926.117919921875
United Kingdom,GBR,2012,3969.859130859375
United Kingdom,GBR,2013,4119.451171875
United Kingdom,GBR,2014,4227.6201171875
United Kingdom,GBR,2015,4319.50146484375
United Kingdom,GBR,2016,4357.93310546875
United Kingdom,GBR,2017,4341.1513671875
United Kingdom,GBR,2018,4603.31005859375
United States,USA,1996,3140.924560546875
United States,USA,1997,3243.381591796875
United States,USA,1998,3408.372802734375
United States,USA,1999,3465.720458984375
United States,USA,2000,3496.367919921875
United States,USA,2001,3567.42626953125
United States,USA,2002,3652.184326171875
United States,USA,2003,3894.9013671875
United States,USA,2004,3789.089599609375
United States,USA,2005,3742.51953125
United States,USA,2006,3806.330322265625
United States,USA,2007,3781.1748046875
United States,USA,2008,3935.49267578125
United States,USA,2009,4090.2744140625
United States,USA,2010,3885.082275390625
United States,USA,2011,4027.118896484375
United States,USA,2012,3990.623779296875
United States,USA,2013,4090.88427734375
United States,USA,2014,4205.255859375
United States,USA,2015,4267.83935546875
United States,USA,2016,4247.74853515625
United States,USA,2017,4412.435546875
Upper middle income,,1996,722.1149291992188
Upper middle income,,1997,713.869384765625
Upper middle income,,1998,656.08251953125
Upper middle income,,1999,667.9677124023438
Upper middle income,,2000,732.3505249023438
Upper middle income,,2001,729.0135498046875
Upper middle income,,2002,782.9563598632812
Upper middle income,,2003,786.2168579101562
Upper middle income,,2004,839.27783203125
Upper middle income,,2005,911.9945678710938
Upper middle income,,2006,970.1995239257812
Upper middle income,,2007,1043.4423828125
Upper middle income,,2008,1127.9324951171875
Upper middle income,,2009,912.0579223632812
Upper middle income,,2010,967.4930419921875
Upper middle income,,2011,1007.2793579101562
Upper middle income,,2012,1070.38720703125
Upper middle income,,2013,1072.7149658203125
Upper middle income,,2014,1095.9249267578125
Upper middle income,,2015,1165.7637939453125
Upper middle income,,2016,1203.88330078125
Upper middle income,,2017,1258.595703125
Upper middle income,,2018,1388.7059326171875
Uruguay,URY,1999,218.90187072753906
Uruguay,URY,2000,277.64556884765625
Uruguay,URY,2002,373.41705322265625
Uruguay,URY,2008,427.8160095214844
Uruguay,URY,2009,558.5614624023438
Uruguay,URY,2010,626.623291015625
Uruguay,URY,2011,614.4376831054688
Uruguay,URY,2012,632.4403076171875
Uruguay,URY,2013,634.91259765625
Uruguay,URY,2014,642.8587646484375
Uruguay,URY,2015,661.4871215820312
Uruguay,URY,2016,679.0047607421875
Uruguay,URY,2017,690.790771484375
Uruguay,URY,2018,696.376220703125
Uzbekistan,UZB,2000,662.25390625
Uzbekistan,UZB,2001,614.6110229492188
Uzbekistan,UZB,2002,630.40869140625
Uzbekistan,UZB,2003,588.3312377929688
Uzbekistan,UZB,2004,578.3889770507812
Uzbekistan,UZB,2005,632.7808837890625
Uzbekistan,UZB,2006,565.6603393554688
Uzbekistan,UZB,2007,556.9255981445312
Uzbekistan,UZB,2008,580.4108276367188
Uzbekistan,UZB,2009,572.9817504882812
Uzbekistan,UZB,2010,544.958984375
Uzbekistan,UZB,2011,574.800537109375
Uzbekistan,UZB,2012,513.083251953125
Uzbekistan,UZB,2013,507.03863525390625
Uzbekistan,UZB,2014,501.2425537109375
Uzbekistan,UZB,2015,497.420654296875
Uzbekistan,UZB,2016,506.046875
Uzbekistan,UZB,2017,495.57281494140625
Uzbekistan,UZB,2018,476.1788330078125
Venezuela,VEN,1998,49.76691818237305
Venezuela,VEN,1999,56.27669906616211
Venezuela,VEN,2000,61.79615020751953
Venezuela,VEN,2001,71.45039367675781
Venezuela,VEN,2002,70.15821838378906
Venezuela,VEN,2003,95.88432312011719
Venezuela,VEN,2004,105.74462127685547
Venezuela,VEN,2005,122.87928009033203
Venezuela,VEN,2006,148.11810302734375
Venezuela,VEN,2007,165.26220703125
Venezuela,VEN,2008,190.36878967285156
Venezuela,VEN,2009,185.8299102783203
Venezuela,VEN,2010,204.04403686523438
Venezuela,VEN,2011,232.62356567382812
Venezuela,VEN,2012,295.83624267578125
Venezuela,VEN,2013,363.78851318359375
Venezuela,VEN,2014,272.6761169433594
Venezuela,VEN,2015,248.92103576660156
Venezuela,VEN,2016,300.25537109375
Vietnam,VNM,2002,114.40569305419922
Vietnam,VNM,2013,679.4627075195312
Vietnam,VNM,2015,678.5604858398438
Vietnam,VNM,2017,707.7435913085938
World,OWID_WRL,2000,1075.2158203125
World,OWID_WRL,2005,1204.43603515625
World,OWID_WRL,2010,1282.4976806640625
World,OWID_WRL,2015,1410.47265625
Zambia,ZMB,1996,47.64590072631836
Zambia,ZMB,1997,51.57535171508789
Zambia,ZMB,1998,53.514549255371094
Zambia,ZMB,1999,52.85704040527344
Zambia,ZMB,2008,41.71683120727539
Zimbabwe,ZWE,2012,99.51850128173828