Entity,Code,Year,2_1_GDPPC2015
Afghanistan,AFG,2002,319.84710693359375
Afghanistan,AFG,2003,332.2200012207031
Afghanistan,AFG,2004,322.6679992675781
Afghanistan,AFG,2005,345.9258117675781
Afghanistan,AFG,2006,353.7206115722656
Afghanistan,AFG,2007,392.7104797363281
Afghanistan,AFG,2008,398.97113037109375
Afghanistan,AFG,2009,472.84228515625
Afghanistan,AFG,2010,526.1036987304688
Afghanistan,AFG,2011,511.9985046386719
Afghanistan,AFG,2012,557.94970703125
Afghanistan,AFG,2013,568.9645385742188
Afghanistan,AFG,2014,565.1792602539062
Afghanistan,AFG,2015,556.0072021484375
Afghanistan,AFG,2016,552.9968872070312
Afghanistan,AFG,2017,553.3550415039062
Afghanistan,AFG,2018,546.7429809570312
Afghanistan,AFG,2019,555.1389770507812
Afghanistan,AFG,2020,529.7412109375
Armenia,ARM,1990,1650.5106201171875
Armenia,ARM,1991,1471.086181640625
Armenia,ARM,1992,871.6971435546875
Armenia,ARM,1993,813.829833984375
Armenia,ARM,1994,878.5302124023438
Armenia,ARM,1995,958.5062255859375
Armenia,ARM,1996,1030.4638671875
Armenia,ARM,1997,1076.625
Armenia,ARM,1998,1164.2822265625
Armenia,ARM,1999,1210.3624267578125
Armenia,ARM,2000,1289.88427734375
Armenia,ARM,2001,1422.4766845703125
Armenia,ARM,2002,1619.1121826171875
Armenia,ARM,2003,1855.5968017578125
Armenia,ARM,2004,2062.203125
Armenia,ARM,2005,2364.176025390625
Armenia,ARM,2006,2697.01904296875
Armenia,ARM,2007,3093.369384765625
Armenia,ARM,2008,3335.244140625
Armenia,ARM,2009,2884.33935546875
Armenia,ARM,2010,2958.839111328125
Armenia,ARM,2011,3098.7421875
Armenia,ARM,2012,3312.97998046875
Armenia,ARM,2013,3406.5361328125
Armenia,ARM,2014,3511.22509765625
Armenia,ARM,2015,3607.289306640625
Armenia,ARM,2016,3601.4697265625
Armenia,ARM,2017,3860.218017578125
Armenia,ARM,2018,4051.385009765625
Armenia,ARM,2019,4350.46630859375
Armenia,ARM,2020,4021.046142578125
Azerbaijan,AZE,1990,2820.740966796875
Azerbaijan,AZE,1991,2763.976806640625
Azerbaijan,AZE,1992,2107.22265625
Azerbaijan,AZE,1993,1596.0765380859375
Azerbaijan,AZE,1994,1264.4827880859375
Azerbaijan,AZE,1995,1102.4591064453125
Azerbaijan,AZE,1996,1105.54833984375
Azerbaijan,AZE,1997,1158.44091796875
Azerbaijan,AZE,1998,1262.24755859375
Azerbaijan,AZE,1999,1343.8087158203125
Azerbaijan,AZE,2000,1480.7567138671875
Azerbaijan,AZE,2001,1614.7921142578125
Azerbaijan,AZE,2002,1754.0736083984375
Azerbaijan,AZE,2003,1918.5435791015625
Azerbaijan,AZE,2004,2077.812255859375
Azerbaijan,AZE,2005,2631.759033203125
Azerbaijan,AZE,2006,3501.041748046875
Azerbaijan,AZE,2007,4326.96142578125
Azerbaijan,AZE,2008,4692.912109375
Azerbaijan,AZE,2009,5023.79052734375
Azerbaijan,AZE,2010,5215.02099609375
Azerbaijan,AZE,2011,5152.6572265625
Azerbaijan,AZE,2012,5194.73828125
Azerbaijan,AZE,2013,5425.9052734375
Azerbaijan,AZE,2014,5505.98828125
Azerbaijan,AZE,2015,5500.310546875
Azerbaijan,AZE,2016,5270.552734375
Azerbaijan,AZE,2017,5229.5263671875
Azerbaijan,AZE,2018,5262.18359375
Azerbaijan,AZE,2019,5348.26513671875
Azerbaijan,AZE,2020,5083.3818359375
Georgia,GEO,1965,1796.17138671875
Georgia,GEO,1966,1909.5634765625
Georgia,GEO,1967,2009.1072998046875
Georgia,GEO,1968,2079.690185546875
Georgia,GEO,1969,2158.76708984375
Georgia,GEO,1970,2395.693603515625
Georgia,GEO,1971,2429.473876953125
Georgia,GEO,1972,2473.264404296875
Georgia,GEO,1973,2610.5078125
Georgia,GEO,1974,2815.890625
Georgia,GEO,1975,3001.496826171875
Georgia,GEO,1976,3161.63427734375
Georgia,GEO,1977,3356.7197265625
Georgia,GEO,1978,3585.102783203125
Georgia,GEO,1979,3821.098388671875
Georgia,GEO,1980,3962.421630859375
Georgia,GEO,1981,4137.0625
Georgia,GEO,1982,4184.2900390625
Georgia,GEO,1983,4326.1064453125
Georgia,GEO,1984,4522.10205078125
Georgia,GEO,1985,4704.1474609375
Georgia,GEO,1986,4281.3740234375
Georgia,GEO,1987,4300.611328125
Georgia,GEO,1988,4494.80908203125
Georgia,GEO,1989,4160.4560546875
Georgia,GEO,1990,3546.157958984375
Georgia,GEO,1991,2778.304931640625
Georgia,GEO,1992,1519.0352783203125
Georgia,GEO,1993,1065.735595703125
Georgia,GEO,1994,969.712890625
Georgia,GEO,1995,1033.023193359375
Georgia,GEO,1996,1191.1810302734375
Georgia,GEO,1997,1359.392822265625
Georgia,GEO,1998,1436.7119140625
Georgia,GEO,1999,1508.656494140625
Georgia,GEO,2000,1566.560302734375
Georgia,GEO,2001,1667.508056640625
Georgia,GEO,2002,1774.636474609375
Georgia,GEO,2003,1984.244384765625
Georgia,GEO,2004,2112.26123046875
Georgia,GEO,2005,2329.57080078125
Georgia,GEO,2006,2563.543212890625
Georgia,GEO,2007,2901.10400390625
Georgia,GEO,2008,2980.3095703125
Georgia,GEO,2009,2897.130859375
Georgia,GEO,2010,3100.723388671875
Georgia,GEO,2011,3356.997802734375
Georgia,GEO,2012,3597.203857421875
Georgia,GEO,2013,3738.705078125
Georgia,GEO,2014,3902.56884765625
Georgia,GEO,2015,4014.18603515625
Georgia,GEO,2016,4128.3857421875
Georgia,GEO,2017,4327.7275390625
Georgia,GEO,2018,4539.08740234375
Georgia,GEO,2019,4773.42333984375
Georgia,GEO,2020,4447.6640625
Iran,IRN,1960,2392.80517578125
Iran,IRN,1961,2598.63671875
Iran,IRN,1962,2749.54931640625
Iran,IRN,1963,2873.312255859375
Iran,IRN,1964,3057.031494140625
Iran,IRN,1965,3490.5498046875
Iran,IRN,1966,3781.1318359375
Iran,IRN,1967,4109.58154296875
Iran,IRN,1968,4593.0869140625
Iran,IRN,1969,5200.76318359375
Iran,IRN,1970,5627.6376953125
Iran,IRN,1971,6269.841796875
Iran,IRN,1972,6984.734375
Iran,IRN,1973,7378.4990234375
Iran,IRN,1974,7643.43310546875
Iran,IRN,1975,7250.3369140625
Iran,IRN,1976,8249.107421875
Iran,IRN,1977,7673.42431640625
Iran,IRN,1978,6390.31005859375
Iran,IRN,1979,5525.34423828125
Iran,IRN,1980,3868.48828125
Iran,IRN,1981,3527.152587890625
Iran,IRN,1982,4300.13330078125
Iran,IRN,1983,4480.61767578125
Iran,IRN,1984,3924.812744140625
Iran,IRN,1985,3850.01123046875
Iran,IRN,1986,3322.28759765625
Iran,IRN,1987,3216.21630859375
Iran,IRN,1988,2932.90185546875
Iran,IRN,1989,3010.712646484375
Iran,IRN,1990,3333.4443359375
Iran,IRN,1991,3661.40966796875
Iran,IRN,1992,3695.64697265625
Iran,IRN,1993,3674.6748046875
Iran,IRN,1994,3568.7119140625
Iran,IRN,1995,3599.604736328125
Iran,IRN,1996,3734.874755859375
Iran,IRN,1997,3703.465576171875
Iran,IRN,1998,3734.564208984375
Iran,IRN,1999,3721.2392578125
Iran,IRN,2000,3888.051025390625
Iran,IRN,2001,3872.516845703125
Iran,IRN,2002,4103.11083984375
Iran,IRN,2003,4405.6923828125
Iran,IRN,2004,4543.58837890625
Iran,IRN,2005,4634.0107421875
Iran,IRN,2006,4811.05419921875
Iran,IRN,2007,5146.41259765625
Iran,IRN,2008,5103.22802734375
Iran,IRN,2009,5097.791015625
Iran,IRN,2010,5332.10791015625
Iran,IRN,2011,5409.2021484375
Iran,IRN,2012,4946.5361328125
Iran,IRN,2013,4876.12451171875
Iran,IRN,2014,5035.81591796875
Iran,IRN,2015,4904.3271484375
Iran,IRN,2016,5486.408203125
Iran,IRN,2017,5614.11767578125
Iran,IRN,2018,5203.16943359375
Iran,IRN,2019,4785.02783203125
Iran,IRN,2020,4883.60107421875
Israel,ISR,1995,25179.970703125
Israel,ISR,1996,26008.279296875
Israel,ISR,1997,26362.154296875
Israel,ISR,1998,26847.732421875
Israel,ISR,1999,27107.220703125
Israel,ISR,2000,28747.9296875
Israel,ISR,2001,28106.9453125
Israel,ISR,2002,27492.5625
Israel,ISR,2003,27310.966796875
Israel,ISR,2004,28151.271484375
Israel,ISR,2005,28809.642578125
Israel,ISR,2006,29939.9375
Israel,ISR,2007,31207.6015625
Israel,ISR,2008,31718.48828125
Israel,ISR,2009,31323.3125
Israel,ISR,2010,32504.712890625
Israel,ISR,2011,33678.1328125
Israel,ISR,2012,33995.42578125
Israel,ISR,2013,34960.94140625
Israel,ISR,2014,35710.88671875
Israel,ISR,2015,35808.4375
Israel,ISR,2016,36680.3203125
Israel,ISR,2017,37550.7265625
Israel,ISR,2018,38301.453125
Israel,ISR,2019,38995.23046875
Israel,ISR,2020,37488.453125
Jordan,JOR,1976,2698.7216796875
Jordan,JOR,1977,2847.330078125
Jordan,JOR,1978,3179.840576171875
Jordan,JOR,1979,3732.627197265625
Jordan,JOR,1980,4019.432373046875
Jordan,JOR,1981,4543.9208984375
Jordan,JOR,1982,4676.01904296875
Jordan,JOR,1983,4387.5693359375
Jordan,JOR,1984,4390.09765625
Jordan,JOR,1985,4101.0048828125
Jordan,JOR,1986,4161.39013671875
Jordan,JOR,1987,4099.666015625
Jordan,JOR,1988,4000.263916015625
Jordan,JOR,1989,3421.072509765625
Jordan,JOR,1990,3252.283447265625
Jordan,JOR,1991,3133.5849609375
Jordan,JOR,1992,3387.608154296875
Jordan,JOR,1993,3350.99169921875
Jordan,JOR,1994,3351.053466796875
Jordan,JOR,1995,3420.42529296875
Jordan,JOR,1996,3385.565185546875
Jordan,JOR,1997,3414.122314453125
Jordan,JOR,1998,3449.069580078125
Jordan,JOR,1999,3503.7685546875
Jordan,JOR,2000,3587.82666015625
Jordan,JOR,2001,3708.252685546875
Jordan,JOR,2002,3848.823486328125
Jordan,JOR,2003,3923.033935546875
Jordan,JOR,2004,4147.53759765625
Jordan,JOR,2005,4341.1884765625
Jordan,JOR,2006,4515.59130859375
Jordan,JOR,2007,4678.8349609375
Jordan,JOR,2008,4786.74853515625
Jordan,JOR,2009,4781.60498046875
Jordan,JOR,2010,4644.16943359375
Jordan,JOR,2011,4521.408203125
Jordan,JOR,2012,4386.7451171875
Jordan,JOR,2013,4274.5478515625
Jordan,JOR,2014,4221.08935546875
Jordan,JOR,2015,4164.10888671875
Jordan,JOR,2016,4119.251953125
Jordan,JOR,2017,4105.72119140625
Jordan,JOR,2018,4109.75244140625
Jordan,JOR,2019,4133.5498046875
Jordan,JOR,2020,4028.962890625
Kazakhstan,KAZ,1990,5831.08056640625
Kazakhstan,KAZ,1991,5156.9462890625
Kazakhstan,KAZ,1992,4887.3759765625
Kazakhstan,KAZ,1993,4453.56494140625
Kazakhstan,KAZ,1994,3949.046630859375
Kazakhstan,KAZ,1995,3700.75439453125
Kazakhstan,KAZ,1996,3776.083984375
Kazakhstan,KAZ,1997,3901.339111328125
Kazakhstan,KAZ,1998,3893.938720703125
Kazakhstan,KAZ,1999,4037.453857421875
Kazakhstan,KAZ,2000,4446.45263671875
Kazakhstan,KAZ,2001,5055.31396484375
Kazakhstan,KAZ,2002,5550.505859375
Kazakhstan,KAZ,2003,6046.328125
Kazakhstan,KAZ,2004,6580.88525390625
Kazakhstan,KAZ,2005,7155.34375
Kazakhstan,KAZ,2006,7837.62890625
Kazakhstan,KAZ,2007,8438.1044921875
Kazakhstan,KAZ,2008,8554.8232421875
Kazakhstan,KAZ,2009,8487.544921875
Kazakhstan,KAZ,2010,8979.33203125
Kazakhstan,KAZ,2011,9506.734375
Kazakhstan,KAZ,2012,9823.6943359375
Kazakhstan,KAZ,2013,10264.2978515625
Kazakhstan,KAZ,2014,10539.044921875
Kazakhstan,KAZ,2015,10510.771484375
Kazakhstan,KAZ,2016,10476.34765625
Kazakhstan,KAZ,2017,10758.5205078125
Kazakhstan,KAZ,2018,11053.3623046875
Kazakhstan,KAZ,2019,11402.759765625
Kazakhstan,KAZ,2020,10974.9638671875
Kuwait,KWT,1995,34712.3125
Kuwait,KWT,1996,34472.62890625
Kuwait,KWT,1997,33602.6484375
Kuwait,KWT,1998,32534.013671875
Kuwait,KWT,1999,29978.826171875
Kuwait,KWT,2000,29951.56640625
Kuwait,KWT,2001,29185.61328125
Kuwait,KWT,2002,29590.97265625
Kuwait,KWT,2003,34322.24609375
Kuwait,KWT,2004,37168.5546875
Kuwait,KWT,2005,39849.59765625
Kuwait,KWT,2006,40976.67578125
Kuwait,KWT,2007,41170.671875
Kuwait,KWT,2008,39777.28515625
Kuwait,KWT,2009,34800.30859375
Kuwait,KWT,2010,32035.37890625
Kuwait,KWT,2011,33166.91796875
Kuwait,KWT,2012,33455.23828125
Kuwait,KWT,2013,32136.1328125
Kuwait,KWT,2014,30857.16015625
Kuwait,KWT,2015,29869.552734375
Kuwait,KWT,2016,29801.23828125
Kuwait,KWT,2017,27702.1875
Kuwait,KWT,2018,27496.845703125
Kuwait,KWT,2019,27156.474609375
Kuwait,KWT,2020,24429.220703125
Kyrgyzstan,KGZ,1986,1022.8667602539062
Kyrgyzstan,KGZ,1987,1036.710205078125
Kyrgyzstan,KGZ,1988,1153.0252685546875
Kyrgyzstan,KGZ,1989,1160.67626953125
Kyrgyzstan,KGZ,1990,1203.4820556640625
Kyrgyzstan,KGZ,1991,1089.908447265625
Kyrgyzstan,KGZ,1992,928.3156127929688
Kyrgyzstan,KGZ,1993,784.578369140625
Kyrgyzstan,KGZ,1994,627.2167358398438
Kyrgyzstan,KGZ,1995,587.3052368164062
Kyrgyzstan,KGZ,1996,619.6729125976562
Kyrgyzstan,KGZ,1997,671.2531127929688
Kyrgyzstan,KGZ,1998,675.0604248046875
Kyrgyzstan,KGZ,1999,689.41748046875
Kyrgyzstan,KGZ,2000,718.3373413085938
Kyrgyzstan,KGZ,2001,749.4197998046875
Kyrgyzstan,KGZ,2002,742.4436645507812
Kyrgyzstan,KGZ,2003,786.351806640625
Kyrgyzstan,KGZ,2004,831.4843139648438
Kyrgyzstan,KGZ,2005,820.7160034179688
Kyrgyzstan,KGZ,2006,837.1337890625
Kyrgyzstan,KGZ,2007,900.0255126953125
Kyrgyzstan,KGZ,2008,966.4153442382812
Kyrgyzstan,KGZ,2009,982.377197265625
Kyrgyzstan,KGZ,2010,966.1507568359375
Kyrgyzstan,KGZ,2011,1011.3155517578125
Kyrgyzstan,KGZ,2012,993.7374267578125
Kyrgyzstan,KGZ,2013,1080.5482177734375
Kyrgyzstan,KGZ,2014,1101.705322265625
Kyrgyzstan,KGZ,2015,1121.0828857421875
Kyrgyzstan,KGZ,2016,1146.103271484375
Kyrgyzstan,KGZ,2017,1177.438720703125
Kyrgyzstan,KGZ,2018,1197.6107177734375
Kyrgyzstan,KGZ,2019,1226.824462890625
Kyrgyzstan,KGZ,2020,1100.0379638671875
Lebanon,LBN,1988,5073.662109375
Lebanon,LBN,1989,2875.11767578125
Lebanon,LBN,1990,3538.568115234375
Lebanon,LBN,1991,5073.50732421875
Lebanon,LBN,1992,5610.9296875
Lebanon,LBN,1993,5889.5126953125
Lebanon,LBN,1994,6072.73193359375
Lebanon,LBN,1995,6235.3046875
Lebanon,LBN,1996,6780.8828125
Lebanon,LBN,1997,6762.9580078125
Lebanon,LBN,1998,6944.26513671875
Lebanon,LBN,1999,6807.77880859375
Lebanon,LBN,2000,6728.55029296875
Lebanon,LBN,2001,6727.412109375
Lebanon,LBN,2002,6639.6025390625
Lebanon,LBN,2003,6531.86328125
Lebanon,LBN,2004,6692.1376953125
Lebanon,LBN,2005,6682.6513671875
Lebanon,LBN,2006,6699.2314453125
Lebanon,LBN,2007,7311.3173828125
Lebanon,LBN,2008,7978.74462890625
Lebanon,LBN,2009,8706.9150390625
Lebanon,LBN,2010,9135.5009765625
Lebanon,LBN,2011,8773.73828125
Lebanon,LBN,2012,8451.4130859375
Lebanon,LBN,2013,8216.5
Lebanon,LBN,2014,7950.171875
Lebanon,LBN,2015,7663.92041015625
Lebanon,LBN,2016,7574.603515625
Lebanon,LBN,2017,7516.1943359375
Lebanon,LBN,2018,7345.13427734375
Lebanon,LBN,2019,6823.10400390625
Lebanon,LBN,2020,5382.3369140625
Oman,OMN,1965,2552.970458984375
Oman,OMN,1966,2614.715087890625
Oman,OMN,1967,4226.9208984375
Oman,OMN,1968,7467.931640625
Oman,OMN,1969,9101.6337890625
Oman,OMN,1970,10035.25
Oman,OMN,1971,9785.7080078125
Oman,OMN,1972,10367.6533203125
Oman,OMN,1973,8552.9482421875
Oman,OMN,1974,9140.37890625
Oman,OMN,1975,10856.79296875
Oman,OMN,1976,12446.220703125
Oman,OMN,1977,11923.9765625
Oman,OMN,1978,10872.0986328125
Oman,OMN,1979,10729.4794921875
Oman,OMN,1980,10760.927734375
Oman,OMN,1981,11912.1708984375
Oman,OMN,1982,12573.9814453125
Oman,OMN,1983,13904.802734375
Oman,OMN,1984,15434.9208984375
Oman,OMN,1985,16806.017578125
Oman,OMN,1986,16453.2890625
Oman,OMN,1987,15311.544921875
Oman,OMN,1988,15661.564453125
Oman,OMN,1989,16869.20703125
Oman,OMN,1990,16187.1064453125
Oman,OMN,1991,16430.447265625
Oman,OMN,1992,17008.9375
Oman,OMN,1993,17263.51953125
Oman,OMN,1994,17295.662109375
Oman,OMN,1995,17699.765625
Oman,OMN,1996,17974.8046875
Oman,OMN,1997,18948.279296875
Oman,OMN,1998,19430.818359375
Oman,OMN,1999,19468.95703125
Oman,OMN,2000,20624.7890625
Oman,OMN,2001,21295.9609375
Oman,OMN,2002,20701.587890625
Oman,OMN,2003,19715.927734375
Oman,OMN,2004,19485.951171875
Oman,OMN,2005,19448.46484375
Oman,OMN,2006,19941.337890625
Oman,OMN,2007,20230.298828125
Oman,OMN,2008,21142.88671875
Oman,OMN,2009,21458.38671875
Oman,OMN,2010,20640.30859375
Oman,OMN,2011,19868.119140625
Oman,OMN,2012,20102.240234375
Oman,OMN,2013,19654.216796875
Oman,OMN,2014,18610.8125
Oman,OMN,2015,18444.927734375
Oman,OMN,2016,18459.224609375
Oman,OMN,2017,17774.451171875
Oman,OMN,2018,17393.548828125
Oman,OMN,2019,16694.1328125
Oman,OMN,2020,15743.224609375
Pakistan,PAK,1960,379.0265197753906
Pakistan,PAK,1961,392.3320007324219
Pakistan,PAK,1962,400.0739440917969
Pakistan,PAK,1963,424.1559753417969
Pakistan,PAK,1964,444.86029052734375
Pakistan,PAK,1965,478.76373291015625
Pakistan,PAK,1966,493.4757995605469
Pakistan,PAK,1967,506.597900390625
Pakistan,PAK,1968,528.9766235351562
Pakistan,PAK,1969,543.365478515625
Pakistan,PAK,1970,588.989501953125
Pakistan,PAK,1971,575.9732055664062
Pakistan,PAK,1972,565.0732421875
Pakistan,PAK,1973,588.5249633789062
Pakistan,PAK,1974,592.3989868164062
Pakistan,PAK,1975,599.6920166015625
Pakistan,PAK,1976,612.1307983398438
Pakistan,PAK,1977,617.2509155273438
Pakistan,PAK,1978,646.5293579101562
Pakistan,PAK,1979,649.8423461914062
Pakistan,PAK,1980,693.3504638671875
Pakistan,PAK,1981,723.9132690429688
Pakistan,PAK,1982,745.8076171875
Pakistan,PAK,1983,770.0176391601562
Pakistan,PAK,1984,782.4705810546875
Pakistan,PAK,1985,814.6838989257812
Pakistan,PAK,1986,832.2086791992188
Pakistan,PAK,1987,858.23046875
Pakistan,PAK,1988,895.3965454101562
Pakistan,PAK,1989,911.7208862304688
Pakistan,PAK,1990,924.634765625
Pakistan,PAK,1991,943.9818115234375
Pakistan,PAK,1992,988.7649536132812
Pakistan,PAK,1993,978.8568725585938
Pakistan,PAK,1994,987.8021240234375
Pakistan,PAK,1995,1008.2247314453125
Pakistan,PAK,1996,1027.435302734375
Pakistan,PAK,1997,1008.4923706054688
Pakistan,PAK,1998,1005.1752319335938
Pakistan,PAK,1999,1013.5433349609375
Pakistan,PAK,2000,1029.112548828125
Pakistan,PAK,2001,1039.1561279296875
Pakistan,PAK,2002,1039.7838134765625
Pakistan,PAK,2003,1074.39404296875
Pakistan,PAK,2004,1129.1368408203125
Pakistan,PAK,2005,1175.4375
Pakistan,PAK,2006,1216.5555419921875
Pakistan,PAK,2007,1246.57958984375
Pakistan,PAK,2008,1239.4205322265625
Pakistan,PAK,2009,1246.367919921875
Pakistan,PAK,2010,1238.87353515625
Pakistan,PAK,2011,1245.7374267578125
Pakistan,PAK,2012,1262.2991943359375
Pakistan,PAK,2013,1290.36865234375
Pakistan,PAK,2014,1322.7205810546875
Pakistan,PAK,2015,1356.6678466796875
Pakistan,PAK,2016,1402.087890625
Pakistan,PAK,2017,1449.5335693359375
Pakistan,PAK,2018,1502.891357421875
Pakistan,PAK,2019,1489.653564453125
Pakistan,PAK,2020,1446.81201171875
Palestine,PSE,1994,2137.378662109375
Palestine,PSE,1995,2189.267578125
Palestine,PSE,1996,2118.83544921875
Palestine,PSE,1997,2323.21484375
Palestine,PSE,1998,2589.215087890625
Palestine,PSE,1999,2732.881103515625
Palestine,PSE,2000,2436.0029296875
Palestine,PSE,2001,2153.4599609375
Palestine,PSE,2002,1836.965576171875
Palestine,PSE,2003,2041.59228515625
Palestine,PSE,2004,2426.415771484375
Palestine,PSE,2005,2632.246337890625
Palestine,PSE,2006,2540.267578125
Palestine,PSE,2007,2569.984375
Palestine,PSE,2008,2685.986083984375
Palestine,PSE,2009,2840.015869140625
Palestine,PSE,2010,2927.0810546875
Palestine,PSE,2011,3128.108154296875
Palestine,PSE,2012,3237.916259765625
Palestine,PSE,2013,3309.631103515625
Palestine,PSE,2014,3227.849365234375
Palestine,PSE,2015,3272.154296875
Palestine,PSE,2016,3483.09912109375
Palestine,PSE,2017,3462.97998046875
Palestine,PSE,2018,3417.79443359375
Palestine,PSE,2019,3378.4345703125
Palestine,PSE,2020,2917.8876953125
Qatar,QAT,2000,56864.98828125
Qatar,QAT,2001,56915.79296875
Qatar,QAT,2002,58542.09375
Qatar,QAT,2003,57075.62109375
Qatar,QAT,2004,61582.97265625
Qatar,QAT,2005,57624.12890625
Qatar,QAT,2006,61522.3984375
Qatar,QAT,2007,60926.73828125
Qatar,QAT,2008,60799.1328125
Qatar,QAT,2009,59090.90625
Qatar,QAT,2010,63001.7109375
Qatar,QAT,2011,65129.37890625
Qatar,QAT,2012,63233.70703125
Qatar,QAT,2013,62733.4296875
Qatar,QAT,2014,62784.90234375
Qatar,QAT,2015,63039.11328125
Qatar,QAT,2016,62800.3671875
Qatar,QAT,2017,60262.74609375
Qatar,QAT,2018,59757.796875
Qatar,QAT,2019,59098.52734375
Qatar,QAT,2020,56026.88671875
Saudi Arabia,SAU,1968,13739.005859375
Saudi Arabia,SAU,1969,14016.79296875
Saudi Arabia,SAU,1970,21336.2578125
Saudi Arabia,SAU,1971,24599.0703125
Saudi Arabia,SAU,1972,28856.970703125
Saudi Arabia,SAU,1973,34129.1328125
Saudi Arabia,SAU,1974,37741.1328125
Saudi Arabia,SAU,1975,32680.693359375
Saudi Arabia,SAU,1976,36612.55859375
Saudi Arabia,SAU,1977,37275.9765625
Saudi Arabia,SAU,1978,33535.9453125
Saudi Arabia,SAU,1979,35516.15625
Saudi Arabia,SAU,1980,35380.46875
Saudi Arabia,SAU,1981,33898.265625
Saudi Arabia,SAU,1982,25215.51953125
Saudi Arabia,SAU,1983,19879.517578125
Saudi Arabia,SAU,1984,17857.529296875
Saudi Arabia,SAU,1985,15248.7626953125
Saudi Arabia,SAU,1986,16969.65234375
Saudi Arabia,SAU,1987,15129.57421875
Saudi Arabia,SAU,1988,16403.892578125
Saudi Arabia,SAU,1989,15700.2421875
Saudi Arabia,SAU,1990,17453.412109375
Saudi Arabia,SAU,1991,19427.857421875
Saudi Arabia,SAU,1992,19606.3984375
Saudi Arabia,SAU,1993,18815.7734375
Saudi Arabia,SAU,1994,18452.224609375
Saudi Arabia,SAU,1995,18070.40234375
Saudi Arabia,SAU,1996,18162.046875
Saudi Arabia,SAU,1997,18009.314453125
Saudi Arabia,SAU,1998,18178.048828125
Saudi Arabia,SAU,1999,17137.720703125
Saudi Arabia,SAU,2000,17690.66796875
Saudi Arabia,SAU,2001,17032.36328125
Saudi Arabia,SAU,2002,16094.7060546875
Saudi Arabia,SAU,2003,17384.80078125
Saudi Arabia,SAU,2004,18219.86328125
Saudi Arabia,SAU,2005,18683.384765625
Saudi Arabia,SAU,2006,18669.62109375
Saudi Arabia,SAU,2007,18496.33203125
Saudi Arabia,SAU,2008,19117.935546875
Saudi Arabia,SAU,2009,18202.69921875
Saudi Arabia,SAU,2010,18568.369140625
Saudi Arabia,SAU,2011,19813.259765625
Saudi Arabia,SAU,2012,20249.8046875
Saudi Arabia,SAU,2013,20175.55859375
Saudi Arabia,SAU,2014,20327.67578125
Saudi Arabia,SAU,2015,20627.927734375
Saudi Arabia,SAU,2016,20503.380859375
Saudi Arabia,SAU,2017,19946.955078125
Saudi Arabia,SAU,2018,20067.779296875
Saudi Arabia,SAU,2019,19801.875
Saudi Arabia,SAU,2020,18691.248046875
Syria,SYR,1960,523.81982421875
Syria,SYR,1961,562.3220825195312
Syria,SYR,1962,678.1598510742188
Syria,SYR,1963,599.890625
Syria,SYR,1964,634.6217651367188
Syria,SYR,1965,628.3358764648438
Syria,SYR,1966,561.39306640625
Syria,SYR,1967,587.9058227539062
Syria,SYR,1968,589.7804565429688
Syria,SYR,1969,677.2842407226562
Syria,SYR,1970,642.96435546875
Syria,SYR,1971,677.058349609375
Syria,SYR,1972,822.1090087890625
Syria,SYR,1973,711.1749267578125
Syria,SYR,1974,864.4940185546875
Syria,SYR,1975,972.1446533203125
Syria,SYR,1976,1055.0228271484375
Syria,SYR,1977,1001.8492431640625
Syria,SYR,1978,1065.022705078125
Syria,SYR,1979,1038.4461669921875
Syria,SYR,1980,1148.4842529296875
Syria,SYR,1981,1194.475830078125
Syria,SYR,1982,1184.5986328125
Syria,SYR,1983,1169.56884765625
Syria,SYR,1984,1043.3740234375
Syria,SYR,1985,1102.839111328125
Syria,SYR,1986,982.3237915039062
Syria,SYR,1987,967.4990234375
Syria,SYR,1988,1106.856689453125
Syria,SYR,1989,927.2089233398438
Syria,SYR,1990,933.6176147460938
Syria,SYR,1991,976.23193359375
Syria,SYR,1992,1071.7437744140625
Syria,SYR,1993,1106.013671875
Syria,SYR,1994,1153.03076171875
Syria,SYR,1995,1200.06982421875
Syria,SYR,1996,1281.478271484375
Syria,SYR,1997,1308.5057373046875
Syria,SYR,1998,1359.2880859375
Syria,SYR,1999,1277.061279296875
Syria,SYR,2000,1254.598388671875
Syria,SYR,2001,1240.8421630859375
Syria,SYR,2002,1265.9005126953125
Syria,SYR,2003,1331.340087890625
Syria,SYR,2004,1390.302001953125
Syria,SYR,2005,1433.815185546875
Syria,SYR,2006,1451.0023193359375
Syria,SYR,2007,1470.1658935546875
Syria,SYR,2008,1477.572509765625
Syria,SYR,2009,1524.94140625
Syria,SYR,2010,1592.3507080078125
Syria,SYR,2011,1659.5408935546875
Syria,SYR,2012,1260.8887939453125
Syria,SYR,2013,970.1117553710938
Syria,SYR,2014,910.4425048828125
Syria,SYR,2015,916.3580322265625
Syria,SYR,2016,891.095947265625
Syria,SYR,2017,903.753662109375
Syria,SYR,2018,925.2420654296875
Syria,SYR,2019,952.8848876953125
Turkey,TUR,1960,2509.62353515625
Turkey,TUR,1961,2477.79541015625
Turkey,TUR,1962,2553.614013671875
Turkey,TUR,1963,2719.25341796875
Turkey,TUR,1964,2800.103515625
Turkey,TUR,1965,2811.423828125
Turkey,TUR,1966,3053.271240234375
Turkey,TUR,1967,3122.89013671875
Turkey,TUR,1968,3256.503662109375
Turkey,TUR,1969,3309.89208984375
Turkey,TUR,1970,3336.49169921875
Turkey,TUR,1971,3438.97119140625
Turkey,TUR,1972,3606.83203125
Turkey,TUR,1973,3636.529541015625
Turkey,TUR,1974,3750.110595703125
Turkey,TUR,1975,3926.33935546875
Turkey,TUR,1976,4238.62841796875
Turkey,TUR,1977,4285.06787109375
Turkey,TUR,1978,4253.07666015625
Turkey,TUR,1979,4132.74365234375
Turkey,TUR,1980,3941.580078125
Turkey,TUR,1981,4039.997802734375
Turkey,TUR,1982,4089.683349609375
Turkey,TUR,1983,4197.404296875
Turkey,TUR,1984,4382.25341796875
Turkey,TUR,1985,4473.30859375
Turkey,TUR,1986,4691.998046875
Turkey,TUR,1987,5039.3076171875
Turkey,TUR,1988,5061.87255859375
Turkey,TUR,1989,4986.6376953125
Turkey,TUR,1990,5354.8046875
Turkey,TUR,1991,5303.009765625
Turkey,TUR,1992,5479.2939453125
Turkey,TUR,1993,5804.3193359375
Turkey,TUR,1994,5445.8525390625
Turkey,TUR,1995,5782.2529296875
Turkey,TUR,1996,6111.078125
Turkey,TUR,1997,6470.783203125
Turkey,TUR,1998,6522.94189453125
Turkey,TUR,1999,6213.06396484375
Turkey,TUR,2000,6543.7314453125
Turkey,TUR,2001,6075.99560546875
Turkey,TUR,2002,6373.1318359375
Turkey,TUR,2003,6644.14599609375
Turkey,TUR,2004,7194.68212890625
Turkey,TUR,2005,7738.578125
Turkey,TUR,2006,8173.5361328125
Turkey,TUR,2007,8483.9658203125
Turkey,TUR,2008,8451.4794921875
Turkey,TUR,2009,7942.03125
Turkey,TUR,2010,8491.5888671875
Turkey,TUR,2011,9299.1376953125
Turkey,TUR,2012,9586.76953125
Turkey,TUR,2013,10225.7158203125
Turkey,TUR,2014,10549.67578125
Turkey,TUR,2015,11006.279296875
Turkey,TUR,2016,11187.0537109375
Turkey,TUR,2017,11835.2607421875
Turkey,TUR,2018,12006.8154296875
Turkey,TUR,2019,11955.43359375
Turkey,TUR,2020,12038.6279296875
Turkmenistan,TKM,1987,2680.9091796875
Turkmenistan,TKM,1988,2902.683349609375
Turkmenistan,TKM,1989,2707.881103515625
Turkmenistan,TKM,1990,3568.41943359375
Turkmenistan,TKM,1991,3309.567138671875
Turkmenistan,TKM,1992,2734.4052734375
Turkmenistan,TKM,1993,2698.64794921875
Turkmenistan,TKM,1994,2175.2109375
Turkmenistan,TKM,1995,1974.1072998046875
Turkmenistan,TKM,1996,2067.31591796875
Turkmenistan,TKM,1997,1803.1322021484375
Turkmenistan,TKM,1998,1905.6221923828125
Turkmenistan,TKM,1999,2193.875244140625
Turkmenistan,TKM,2000,2288.24462890625
Turkmenistan,TKM,2001,2362.55322265625
Turkmenistan,TKM,2002,2345.02978515625
Turkmenistan,TKM,2003,2397.896484375
Turkmenistan,TKM,2004,2492.29638671875
Turkmenistan,TKM,2005,2786.77392578125
Turkmenistan,TKM,2006,3056.9169921875
Turkmenistan,TKM,2007,3353.144775390625
Turkmenistan,TKM,2008,3794.922119140625
Turkmenistan,TKM,2009,3968.373046875
Turkmenistan,TKM,2010,4265.94873046875
Turkmenistan,TKM,2011,4810.89599609375
Turkmenistan,TKM,2012,5249.7041015625
Turkmenistan,TKM,2013,5679.01904296875
Turkmenistan,TKM,2014,6149.42626953125
Turkmenistan,TKM,2015,6432.685546875
Turkmenistan,TKM,2016,6714.37744140625
Turkmenistan,TKM,2017,7032.4580078125
Turkmenistan,TKM,2018,7349.458984375
Turkmenistan,TKM,2019,7692.57861328125
United Arab Emirates,ARE,1975,99453.4609375
United Arab Emirates,ARE,1976,99607.0078125
United Arab Emirates,ARE,1977,104936.6640625
United Arab Emirates,ARE,1978,90889.796875
United Arab Emirates,ARE,1979,98553.3046875
United Arab Emirates,ARE,1980,111574.3046875
United Arab Emirates,ARE,1981,108563.2109375
United Arab Emirates,ARE,1982,95338.015625
United Arab Emirates,ARE,1983,86108.796875
United Arab Emirates,ARE,1984,85032.9765625
United Arab Emirates,ARE,1985,77644.4375
United Arab Emirates,ARE,1986,62368.03515625
United Arab Emirates,ARE,1987,60813.5
United Arab Emirates,ARE,1988,55816.17578125
United Arab Emirates,ARE,1989,59119.77734375
United Arab Emirates,ARE,1990,66023.6484375
United Arab Emirates,ARE,1991,62854.09375
United Arab Emirates,ARE,1992,61294.56640625
United Arab Emirates,ARE,1993,58633.30859375
United Arab Emirates,ARE,1994,59364.71484375
United Arab Emirates,ARE,1995,60169.07421875
United Arab Emirates,ARE,1996,60548.58203125
United Arab Emirates,ARE,1997,62264.93359375
United Arab Emirates,ARE,1998,59297.94140625
United Arab Emirates,ARE,1999,57875.09375
United Arab Emirates,ARE,2000,60716.2734375
United Arab Emirates,ARE,2001,58421.86328125
United Arab Emirates,ARE,2002,56815.0859375
United Arab Emirates,ARE,2003,57932.25
United Arab Emirates,ARE,2004,57910.23046875
United Arab Emirates,ARE,2005,53844.72265625
United Arab Emirates,ARE,2006,51197.35546875
United Arab Emirates,ARE,2007,45388.68359375
United Arab Emirates,ARE,2008,40755.11328125
United Arab Emirates,ARE,2009,34580.21484375
United Arab Emirates,ARE,2010,32534.818359375
United Arab Emirates,ARE,2011,33246.140625
United Arab Emirates,ARE,2012,33996.5390625
United Arab Emirates,ARE,2013,35495.765625
United Arab Emirates,ARE,2014,36995.703125
United Arab Emirates,ARE,2015,38663.40234375
United Arab Emirates,ARE,2016,39400.01953125
United Arab Emirates,ARE,2017,39798.5234375
United Arab Emirates,ARE,2018,39670.9296875
United Arab Emirates,ARE,2019,40438.33984375
United Arab Emirates,ARE,2020,37497.59375
Uzbekistan,UZB,1987,1480.2281494140625
Uzbekistan,UZB,1988,1576.659423828125
Uzbekistan,UZB,1989,1586.6995849609375
Uzbekistan,UZB,1990,1565.56494140625
Uzbekistan,UZB,1991,1524.9979248046875
Uzbekistan,UZB,1992,1322.8197021484375
Uzbekistan,UZB,1993,1263.35693359375
Uzbekistan,UZB,1994,1174.3802490234375
Uzbekistan,UZB,1995,1142.9710693359375
Uzbekistan,UZB,1996,1140.3797607421875
Uzbekistan,UZB,1997,1177.2745361328125
Uzbekistan,UZB,1998,1208.2926025390625
Uzbekistan,UZB,1999,1246.73779296875
Uzbekistan,UZB,2000,1276.76025390625
Uzbekistan,UZB,2001,1313.1922607421875
Uzbekistan,UZB,2002,1348.7637939453125
Uzbekistan,UZB,2003,1389.587158203125
Uzbekistan,UZB,2004,1475.9696044921875
Uzbekistan,UZB,2005,1560.2919921875
Uzbekistan,UZB,2006,1656.2225341796875
Uzbekistan,UZB,2007,1787.490234375
Uzbekistan,UZB,2008,1917.849365234375
Uzbekistan,UZB,2009,2037.58154296875
Uzbekistan,UZB,2010,2131.357666015625
Uzbekistan,UZB,2011,2231.052734375
Uzbekistan,UZB,2012,2354.59375
Uzbekistan,UZB,2013,2487.244384765625
Uzbekistan,UZB,2014,2613.748291015625
Uzbekistan,UZB,2015,2753.97119140625
Uzbekistan,UZB,2016,2867.051025390625
Uzbekistan,UZB,2017,2943.09912109375
Uzbekistan,UZB,2018,3047.308349609375
Uzbekistan,UZB,2019,3161.415283203125
Uzbekistan,UZB,2020,3154.408203125
Yemen,YEM,1990,2042.5413818359375
Yemen,YEM,1991,2066.58740234375
Yemen,YEM,1992,2123.648193359375
Yemen,YEM,1993,2098.4921875
Yemen,YEM,1994,2135.616943359375
Yemen,YEM,1995,2163.525390625
Yemen,YEM,1996,2182.443603515625
Yemen,YEM,1997,2223.81103515625
Yemen,YEM,1998,2289.37255859375
Yemen,YEM,1999,2309.69873046875
Yemen,YEM,2000,2383.748046875
Yemen,YEM,2001,2404.08642578125
Yemen,YEM,2002,2427.52490234375
Yemen,YEM,2003,2446.684326171875
Yemen,YEM,2004,2471.616943359375
Yemen,YEM,2005,2536.188720703125
Yemen,YEM,2006,2543.2080078125
Yemen,YEM,2007,2554.653076171875
Yemen,YEM,2008,2574.10107421875
Yemen,YEM,2009,2599.489990234375
Yemen,YEM,2010,2722.521484375
Yemen,YEM,2011,2311.205078125
Yemen,YEM,2012,2302.148193359375
Yemen,YEM,2013,2348.517578125
Yemen,YEM,2014,2282.69189453125
Yemen,YEM,2015,1601.830078125
Yemen,YEM,2016,1415.83935546875
Yemen,YEM,2017,1311.8433837890625
Yemen,YEM,2018,1290.92529296875
