Entity,Code,Year,GDP per capita growth (annual %)
Austria,AUT,1961,4.96071720123291
Austria,AUT,1962,2.0214695930480957
Austria,AUT,1963,3.471466064453125
Austria,AUT,1964,5.419335842132568
Austria,AUT,1965,2.8100128173828125
Austria,AUT,1966,4.904479026794434
Austria,AUT,1967,2.2410097122192383
Austria,AUT,1968,3.931241750717163
Austria,AUT,1969,5.909495830535889
Austria,AUT,1970,5.950496673583984
Austria,AUT,1971,4.646942615509033
Austria,AUT,1972,5.592381477355957
Austria,AUT,1973,4.310905933380127
Austria,AUT,1974,3.7653729915618896
Austria,AUT,1975,-0.09903008490800858
Austria,AUT,1976,4.763370037078857
Austria,AUT,1977,5.039647579193115
Austria,AUT,1978,-0.1298304945230484
Austria,AUT,1979,5.536448001861572
Austria,AUT,1980,1.7313778400421143
Austria,AUT,1981,-0.39862051606178284
Austria,AUT,1982,1.9381215572357178
Austria,AUT,1983,3.1396281719207764
Austria,AUT,1984,0.057573091238737106
Austria,AUT,1985,2.4505655765533447
Austria,AUT,1986,2.2364022731781006
Austria,AUT,1987,1.2930452823638916
Austria,AUT,1988,3.1497464179992676
Austria,AUT,1989,3.4201018810272217
Austria,AUT,1990,3.5535476207733154
Austria,AUT,1991,2.4139864444732666
Austria,AUT,1992,0.9760922193527222
Austria,AUT,1993,-0.29875436425209045
Austria,AUT,1994,2.0087618827819824
Austria,AUT,1995,2.5109126567840576
Austria,AUT,1996,2.211434841156006
Austria,AUT,1997,1.9779759645462036
Austria,AUT,1998,3.467829942703247
Austria,AUT,1999,3.3550446033477783
Austria,AUT,2000,3.127436637878418
Austria,AUT,2001,0.880259096622467
Austria,AUT,2002,1.1526763439178467
Austria,AUT,2003,0.45094653964042664
Austria,AUT,2004,2.0997111797332764
Austria,AUT,2005,1.5498772859573364
Austria,AUT,2006,2.94341778755188
Austria,AUT,2007,3.391730785369873
Austria,AUT,2008,1.143307089805603
Austria,AUT,2009,-4.016340255737305
Austria,AUT,2010,1.5925770998001099
Austria,AUT,2011,2.5764482021331787
Austria,AUT,2012,0.22245058417320251
Austria,AUT,2013,-0.5622989535331726
Austria,AUT,2014,-0.12237066775560379
Austria,AUT,2015,-0.11154019087553024
Austria,AUT,2016,0.8924691677093506
Austria,AUT,2017,1.5507240295410156
Austria,AUT,2018,2.0035524368286133
Austria,AUT,2019,1.0409080982208252
Austria,AUT,2020,-7.120927810668945
Belgium,BEL,1961,4.6302571296691895
Belgium,BEL,1962,4.794034481048584
Belgium,BEL,1963,3.5743534564971924
Belgium,BEL,1964,5.94913911819458
Belgium,BEL,1965,2.6244447231292725
Belgium,BEL,1966,2.4614624977111816
Belgium,BEL,1967,3.2915756702423096
Belgium,BEL,1968,3.7850444316864014
Belgium,BEL,1969,6.328283786773682
Belgium,BEL,1970,5.478790283203125
Belgium,BEL,1971,3.7964885234832764
Belgium,BEL,1972,4.884088039398193
Belgium,BEL,1973,6.047488689422607
Belgium,BEL,1974,4.236777305603027
Belgium,BEL,1975,-2.2488296031951904
Belgium,BEL,1976,5.464139938354492
Belgium,BEL,1977,0.5019786953926086
Belgium,BEL,1978,2.7459897994995117
Belgium,BEL,1979,2.2491276264190674
Belgium,BEL,1980,4.329008102416992
Belgium,BEL,1981,-0.2766534686088562
Belgium,BEL,1982,0.62232905626297
Belgium,BEL,1983,0.31981226801872253
Belgium,BEL,1984,2.467921495437622
Belgium,BEL,1985,1.6215189695358276
Belgium,BEL,1986,1.7864696979522705
Belgium,BEL,1987,2.219478130340576
Belgium,BEL,1988,4.3907952308654785
Belgium,BEL,1989,3.093999147415161
Belgium,BEL,1990,2.830267906188965
Belgium,BEL,1991,1.4553717374801636
Belgium,BEL,1992,1.1195658445358276
Belgium,BEL,1993,-1.3479996919631958
Belgium,BEL,1994,2.909318685531616
Belgium,BEL,1995,2.1705503463745117
Belgium,BEL,1996,1.1236690282821655
Belgium,BEL,1997,3.5427889823913574
Belgium,BEL,1998,1.7443238496780396
Belgium,BEL,1999,3.30570650100708
Belgium,BEL,2000,3.4654526710510254
Belgium,BEL,2001,0.7524828910827637
Belgium,BEL,2002,1.2519845962524414
Belgium,BEL,2003,0.6158797740936279
Belgium,BEL,2004,3.123929023742676
Belgium,BEL,2005,1.76045560836792
Belgium,BEL,2006,1.8781832456588745
Belgium,BEL,2007,2.9183382987976074
Belgium,BEL,2008,-0.34345272183418274
Belgium,BEL,2009,-2.8059208393096924
Belgium,BEL,2010,1.9287642240524292
Belgium,BEL,2011,0.38003456592559814
Belgium,BEL,2012,0.11640258133411407
Belgium,BEL,2013,-0.013148386031389236
Belgium,BEL,2014,1.1285957098007202
Belgium,BEL,2015,1.4518933296203613
Belgium,BEL,2016,0.755268931388855
Belgium,BEL,2017,1.2288662195205688
Belgium,BEL,2018,1.3567914962768555
Belgium,BEL,2019,1.5989700555801392
Belgium,BEL,2020,-6.1112565994262695
Bulgaria,BGR,1981,4.551144123077393
Bulgaria,BGR,1982,2.032294273376465
Bulgaria,BGR,1983,3.172520875930786
Bulgaria,BGR,1984,3.1548073291778564
Bulgaria,BGR,1985,2.684953451156616
Bulgaria,BGR,1986,4.235241413116455
Bulgaria,BGR,1987,5.8986124992370605
Bulgaria,BGR,1988,10.820091247558594
Bulgaria,BGR,1989,-2.151690721511841
Bulgaria,BGR,1990,-7.463207721710205
Bulgaria,BGR,1991,-7.534069061279297
Bulgaria,BGR,1992,-6.27126407623291
Bulgaria,BGR,1993,-0.6912134885787964
Bulgaria,BGR,1994,2.164358615875244
Bulgaria,BGR,1995,3.314187526702881
Bulgaria,BGR,1996,5.749368667602539
Bulgaria,BGR,1997,-13.590923309326172
Bulgaria,BGR,1998,4.484025478363037
Bulgaria,BGR,1999,-7.881072998046875
Bulgaria,BGR,2000,5.105055809020996
Bulgaria,BGR,2001,5.911159515380859
Bulgaria,BGR,2002,8.195215225219727
Bulgaria,BGR,2003,6.074062347412109
Bulgaria,BGR,2004,7.317405700683594
Bulgaria,BGR,2005,7.865500450134277
Bulgaria,BGR,2006,7.616849422454834
Bulgaria,BGR,2007,7.378016948699951
Bulgaria,BGR,2008,6.863490581512451
Bulgaria,BGR,2009,-2.6466410160064697
Bulgaria,BGR,2010,2.212430953979492
Bulgaria,BGR,2011,2.758011817932129
Bulgaria,BGR,2012,1.340217113494873
Bulgaria,BGR,2013,-0.0024233805015683174
Bulgaria,BGR,2014,1.5423879623413086
Bulgaria,BGR,2015,4.0901079177856445
Bulgaria,BGR,2016,3.765068531036377
Bulgaria,BGR,2017,3.515538215637207
Bulgaria,BGR,2018,3.428724765777588
Bulgaria,BGR,2019,4.7725019454956055
Bulgaria,BGR,2020,-3.811516046524048
Croatia,HRV,1996,7.439193248748779
Croatia,HRV,1997,6.6510396003723145
Croatia,HRV,1998,2.2686383724212646
Croatia,HRV,1999,-0.44727784395217896
Croatia,HRV,2000,3.915520191192627
Croatia,HRV,2001,7.0741047859191895
Croatia,HRV,2002,5.659852504730225
Croatia,HRV,2003,5.495907783508301
Croatia,HRV,2004,4.120278835296631
Croatia,HRV,2005,4.178203105926514
Croatia,HRV,2006,4.913674831390381
Croatia,HRV,2007,4.935739994049072
Croatia,HRV,2008,1.9075489044189453
Croatia,HRV,2009,-7.184268474578857
Croatia,HRV,2010,-1.0264618396759033
Croatia,HRV,2011,0.26032257080078125
Croatia,HRV,2012,-1.9765496253967285
Croatia,HRV,2013,-0.08523283898830414
Croatia,HRV,2014,0.06081484258174896
Croatia,HRV,2015,3.3740928173065186
Croatia,HRV,2016,4.258016109466553
Croatia,HRV,2017,4.663175582885742
Croatia,HRV,2018,3.8235273361206055
Croatia,HRV,2019,4.056979179382324
Croatia,HRV,2020,-7.70077657699585
Cyprus,CYP,1976,21.244873046875
Cyprus,CYP,1977,16.347976684570312
Cyprus,CYP,1978,7.378347396850586
Cyprus,CYP,1979,9.054349899291992
Cyprus,CYP,1980,4.610640048980713
Cyprus,CYP,1981,0.8288261890411377
Cyprus,CYP,1982,4.774511337280273
Cyprus,CYP,1983,4.7150444984436035
Cyprus,CYP,1984,7.357755184173584
Cyprus,CYP,1985,3.615236520767212
Cyprus,CYP,1986,2.521406412124634
Cyprus,CYP,1987,5.907273292541504
Cyprus,CYP,1988,7.500785827636719
Cyprus,CYP,1989,6.419510841369629
Cyprus,CYP,1990,5.139969348907471
Cyprus,CYP,1991,-1.8347430229187012
Cyprus,CYP,1992,6.527834892272949
Cyprus,CYP,1993,-1.7026275396347046
Cyprus,CYP,1994,3.732201099395752
Cyprus,CYP,1995,6.415539264678955
Cyprus,CYP,1996,-0.35238561034202576
Cyprus,CYP,1997,1.196224570274353
Cyprus,CYP,1998,4.81774377822876
Cyprus,CYP,1999,3.8296005725860596
Cyprus,CYP,2000,4.844161033630371
Cyprus,CYP,2001,2.838122606277466
Cyprus,CYP,2002,2.541067600250244
Cyprus,CYP,2003,1.3836179971694946
Cyprus,CYP,2004,3.6308112144470215
Cyprus,CYP,2005,3.3537652492523193
Cyprus,CYP,2006,2.9812986850738525
Cyprus,CYP,2007,2.8841075897216797
Cyprus,CYP,2008,1.0765652656555176
Cyprus,CYP,2009,-4.610653877258301
Cyprus,CYP,2010,-0.6186724305152893
Cyprus,CYP,2011,-2.127828598022461
Cyprus,CYP,2012,-4.906834602355957
Cyprus,CYP,2013,-6.335597991943359
Cyprus,CYP,2014,-0.7428151369094849
Cyprus,CYP,2015,3.9733774662017822
Cyprus,CYP,2016,5.967386245727539
Cyprus,CYP,2017,4.8724870681762695
Cyprus,CYP,2018,4.411386013031006
Cyprus,CYP,2019,3.864532709121704
Cyprus,CYP,2020,-6.516627311706543
Czechia,CZE,1991,-11.402505874633789
Czechia,CZE,1992,-0.6082136631011963
Czechia,CZE,1993,-0.04205308109521866
Czechia,CZE,1994,2.872143507003784
Czechia,CZE,1995,6.566133499145508
Czechia,CZE,1996,4.3868327140808105
Czechia,CZE,1997,-0.4110690653324127
Czechia,CZE,1998,-0.262114942073822
Czechia,CZE,1999,1.4877921342849731
Czechia,CZE,2000,4.293071269989014
Czechia,CZE,2001,3.4308576583862305
Czechia,CZE,2002,1.7659742832183838
Czechia,CZE,2003,3.6133389472961426
Czechia,CZE,2004,4.782365798950195
Czechia,CZE,2005,6.454261779785156
Czechia,CZE,2006,6.478203773498535
Czechia,CZE,2007,4.956085205078125
Czechia,CZE,2008,1.838240146636963
Czechia,CZE,2009,-5.198981761932373
Czechia,CZE,2010,2.136880397796631
Czechia,CZE,2011,1.550189733505249
Czechia,CZE,2012,-0.9237344264984131
Czechia,CZE,2013,-0.0790528953075409
Czechia,CZE,2014,2.1545004844665527
Czechia,CZE,2015,5.181402683258057
Czechia,CZE,2016,2.34055233001709
Czechia,CZE,2017,4.889721870422363
Czechia,CZE,2018,2.8541080951690674
Czechia,CZE,2019,2.6245574951171875
Czechia,CZE,2020,-6.026656627655029
Denmark,DNK,1961,5.6387434005737305
Denmark,DNK,1962,4.847446918487549
Denmark,DNK,1963,-0.15261004865169525
Denmark,DNK,1964,8.400118827819824
Denmark,DNK,1965,3.743684768676758
Denmark,DNK,1966,1.9191980361938477
Denmark,DNK,1967,4.7016191482543945
Denmark,DNK,1968,4.912387847900391
Denmark,DNK,1969,5.921885013580322
Denmark,DNK,1970,0.8362811207771301
Denmark,DNK,1971,2.2916994094848633
Denmark,DNK,1972,3.3366150856018066
Denmark,DNK,1973,3.4656143188476562
Denmark,DNK,1974,-1.5816924571990967
Denmark,DNK,1975,-1.7403056621551514
Denmark,DNK,1976,5.658698081970215
Denmark,DNK,1977,1.5535141229629517
Denmark,DNK,1978,1.9092901945114136
Denmark,DNK,1979,3.614290475845337
Denmark,DNK,1980,-0.6039291024208069
Denmark,DNK,1981,-0.637904167175293
Denmark,DNK,1982,3.760789394378662
Denmark,DNK,1983,2.6665449142456055
Denmark,DNK,1984,4.2207112312316895
Denmark,DNK,1985,3.961610794067383
Denmark,DNK,1986,4.763986110687256
Denmark,DNK,1987,0.1273602992296219
Denmark,DNK,1988,-0.0621761791408062
Denmark,DNK,1989,0.5848308205604553
Denmark,DNK,1990,1.3105251789093018
Denmark,DNK,1991,1.1308401823043823
Denmark,DNK,1992,1.6204208135604858
Denmark,DNK,1993,-0.3219599425792694
Denmark,DNK,1994,4.977347373962402
Denmark,DNK,1995,2.492248058319092
Denmark,DNK,1996,2.3194057941436768
Denmark,DNK,1997,2.8326644897460938
Denmark,DNK,1998,1.8476139307022095
Denmark,DNK,1999,2.6079442501068115
Denmark,DNK,2000,3.4006845951080322
Denmark,DNK,2001,0.4625343084335327
Denmark,DNK,2002,0.14588072896003723
Denmark,DNK,2003,0.11735817044973373
Denmark,DNK,2004,2.4032340049743652
Denmark,DNK,2005,2.055110454559326
Denmark,DNK,2006,3.572063446044922
Denmark,DNK,2007,0.4627314805984497
Denmark,DNK,2008,-1.0948420763015747
Denmark,DNK,2009,-5.414013862609863
Denmark,DNK,2010,1.41948664188385
Denmark,DNK,2011,0.920393705368042
Denmark,DNK,2012,-0.14991608262062073
Denmark,DNK,2013,0.5134244561195374
Denmark,DNK,2014,1.105433464050293
Denmark,DNK,2015,1.6221662759780884
Denmark,DNK,2016,2.443368911743164
Denmark,DNK,2017,2.1623551845550537
Denmark,DNK,2018,1.485085129737854
Denmark,DNK,2019,1.7496141195297241
Denmark,DNK,2020,-2.3473360538482666
Estonia,EST,1996,6.502784252166748
Estonia,EST,1997,14.347209930419922
Estonia,EST,1998,5.34689998626709
Estonia,EST,1999,-0.7178244590759277
Estonia,EST,2000,9.556418418884277
Estonia,EST,2001,6.681033611297607
Estonia,EST,2002,7.449840545654297
Estonia,EST,2003,8.277711868286133
Estonia,EST,2004,7.444416522979736
Estonia,EST,2005,10.15499496459961
Estonia,EST,2006,10.41473388671875
Estonia,EST,2007,8.071024894714355
Estonia,EST,2008,-4.877286434173584
Estonia,EST,2009,-14.46432876586914
Estonia,EST,2010,2.678164005279541
Estonia,EST,2011,7.589211463928223
Estonia,EST,2012,3.5983622074127197
Estonia,EST,2013,1.8201541900634766
Estonia,EST,2014,3.281874895095825
Estonia,EST,2015,1.7862746715545654
Estonia,EST,2016,3.1255383491516113
Estonia,EST,2017,5.664039134979248
Estonia,EST,2018,3.7720232009887695
Estonia,EST,2019,3.713646650314331
Estonia,EST,2020,-3.14261531829834
Finland,FIN,1961,6.847965240478516
Finland,FIN,1962,2.284048557281494
Finland,FIN,1963,2.5574724674224854
Finland,FIN,1964,4.654852867126465
Finland,FIN,1965,4.952389240264893
Finland,FIN,1966,1.98984694480896
Finland,FIN,1967,1.617028832435608
Finland,FIN,1968,1.8450062274932861
Finland,FIN,1969,9.656904220581055
Finland,FIN,1970,5.211438179016113
Finland,FIN,1971,2.2278246879577637
Finland,FIN,1972,7.096153736114502
Finland,FIN,1973,6.377978801727295
Finland,FIN,1974,2.697457790374756
Finland,FIN,1975,1.3540252447128296
Finland,FIN,1976,0.04235117509961128
Finland,FIN,1977,-0.04050564765930176
Finland,FIN,1978,2.6246256828308105
Finland,FIN,1979,6.848494529724121
Finland,FIN,1980,5.0617146492004395
Finland,FIN,1981,0.8846710324287415
Finland,FIN,1982,2.5320041179656982
Finland,FIN,1983,2.503843307495117
Finland,FIN,1984,2.6875197887420654
Finland,FIN,1985,3.1179256439208984
Finland,FIN,1986,2.4224298000335693
Finland,FIN,1987,3.2814764976501465
Finland,FIN,1988,4.911739826202393
Finland,FIN,1989,4.7084431648254395
Finland,FIN,1990,0.2249099463224411
Finland,FIN,1991,-6.39894962310791
Finland,FIN,1992,-3.8365330696105957
Finland,FIN,1993,-1.1414880752563477
Finland,FIN,1994,3.515885353088379
Finland,FIN,1995,3.819876194000244
Finland,FIN,1996,3.327669382095337
Finland,FIN,1997,6.018052577972412
Finland,FIN,1998,5.177591323852539
Finland,FIN,1999,4.137574672698975
Finland,FIN,2000,5.553997993469238
Finland,FIN,2001,2.376654863357544
Finland,FIN,2002,1.4609286785125732
Finland,FIN,2003,1.7608386278152466
Finland,FIN,2004,3.6905877590179443
Finland,FIN,2005,2.4286892414093018
Finland,FIN,2006,3.628941297531128
Finland,FIN,2007,4.852313041687012
Finland,FIN,2008,0.31588637828826904
Finland,FIN,2009,-8.513028144836426
Finland,FIN,2010,2.7149667739868164
Finland,FIN,2011,2.0733962059020996
Finland,FIN,2012,-1.8655911684036255
Finland,FIN,2013,-1.3572156429290771
Finland,FIN,2014,-0.7761083841323853
Finland,FIN,2015,0.2130294144153595
Finland,FIN,2016,2.5163798332214355
Finland,FIN,2017,2.950531482696533
Finland,FIN,2018,1.007880687713623
Finland,FIN,2019,1.109278678894043
Finland,FIN,2020,-2.93965482711792
France,FRA,1961,3.604901075363159
France,FRA,1962,5.361746788024902
France,FRA,1963,4.751682281494141
France,FRA,1964,5.24837064743042
France,FRA,1965,3.625023126602173
France,FRA,1966,4.180609703063965
France,FRA,1967,4.000543594360352
France,FRA,1968,3.6751534938812256
France,FRA,1969,6.306959629058838
France,FRA,1970,5.300139904022217
France,FRA,1971,4.485036373138428
France,FRA,1972,3.6763010025024414
France,FRA,1973,5.515947341918945
France,FRA,1974,3.5526249408721924
France,FRA,1975,-1.582712173461914
France,FRA,1976,3.801210641860962
France,FRA,1977,2.993838310241699
France,FRA,1978,3.5523831844329834
France,FRA,1979,3.1252760887145996
France,FRA,1980,1.128687858581543
France,FRA,1981,0.5789605975151062
France,FRA,1982,1.9743489027023315
France,FRA,1983,0.6899958848953247
France,FRA,1984,0.9481115341186523
France,FRA,1985,1.0541212558746338
France,FRA,1986,1.7599546909332275
France,FRA,1987,1.9774926900863647
France,FRA,1988,4.153395652770996
France,FRA,1989,3.780015468597412
France,FRA,1990,2.4016478061676025
France,FRA,1991,0.4897935390472412
France,FRA,1992,1.095401406288147
France,FRA,1993,-1.0582880973815918
France,FRA,1994,1.9780094623565674
France,FRA,1995,1.7385056018829346
France,FRA,1996,1.0545601844787598
France,FRA,1997,1.9749298095703125
France,FRA,1998,3.207526445388794
France,FRA,1999,2.8906924724578857
France,FRA,2000,3.214280605316162
France,FRA,2001,1.2441887855529785
France,FRA,2002,0.4027148187160492
France,FRA,2003,0.11108174175024033
France,FRA,2004,2.075364589691162
France,FRA,2005,0.8997645378112793
France,FRA,2006,1.7375400066375732
France,FRA,2007,1.7929822206497192
France,FRA,2008,-0.3037596642971039
France,FRA,2009,-3.371737241744995
France,FRA,2010,1.4470081329345703
France,FRA,2011,1.6996129751205444
France,FRA,2012,-0.17120672762393951
France,FRA,2013,0.059916380792856216
France,FRA,2014,0.4790775775909424
France,FRA,2015,0.7540243268013
France,FRA,2016,0.8290566802024841
France,FRA,2017,1.9949984550476074
France,FRA,2018,1.585878849029541
France,FRA,2019,1.6203584671020508
France,FRA,2020,-8.034379005432129
Germany,DEU,1971,2.943650245666504
Germany,DEU,1972,3.802475929260254
Germany,DEU,1973,4.448017120361328
Germany,DEU,1974,0.8507603406906128
Germany,DEU,1975,-0.4964342415332794
Germany,DEU,1976,5.400212287902832
Germany,DEU,1977,3.581437110900879
Germany,DEU,1978,3.09818172454834
Germany,DEU,1979,4.1043314933776855
Germany,DEU,1980,1.198693871498108
Germany,DEU,1981,0.3762425184249878
Germany,DEU,1982,-0.3000578284263611
Germany,DEU,1983,1.8390341997146606
Germany,DEU,1984,3.1789872646331787
Germany,DEU,1985,2.5568835735321045
Germany,DEU,1986,2.240535020828247
Germany,DEU,1987,1.2464996576309204
Germany,DEU,1988,3.302863836288452
Germany,DEU,1989,3.096179962158203
Germany,DEU,1990,4.351639270782471
Germany,DEU,1991,4.34522008895874
Germany,DEU,1992,1.1510462760925293
Germany,DEU,1993,-1.6256842613220215
Germany,DEU,1994,2.0373542308807373
Germany,DEU,1995,1.2461419105529785
Germany,DEU,1996,0.5144372582435608
Germany,DEU,1997,1.6433342695236206
Germany,DEU,1998,1.9984853267669678
Germany,DEU,1999,1.8214280605316162
Germany,DEU,2000,2.773221254348755
Germany,DEU,2001,1.5105582475662231
Germany,DEU,2002,-0.36562833189964294
Germany,DEU,2003,-0.7550771832466125
Germany,DEU,2004,1.1970553398132324
Germany,DEU,2005,0.7889171242713928
Germany,DEU,2006,3.933610439300537
Germany,DEU,2007,3.114245891571045
Germany,DEU,2008,1.1520297527313232
Germany,DEU,2009,-5.4545769691467285
Germany,DEU,2010,4.339606761932373
Germany,DEU,2011,5.869635581970215
Germany,DEU,2012,0.23016099631786346
Germany,DEU,2013,0.16387055814266205
Germany,DEU,2014,1.7843419313430786
Germany,DEU,2015,0.6171053647994995
Germany,DEU,2016,1.408102035522461
Germany,DEU,2017,2.297206163406372
Germany,DEU,2018,0.7826900482177734
Germany,DEU,2019,0.8278647661209106
Germany,DEU,2020,-4.647544860839844
Greece,GRC,1961,12.309795379638672
Greece,GRC,1962,-0.23136232793331146
Greece,GRC,1963,11.430811882019043
Greece,GRC,1964,9.01366138458252
Greece,GRC,1965,10.25106143951416
Greece,GRC,1966,5.711672782897949
Greece,GRC,1967,4.812396049499512
Greece,GRC,1968,6.508586883544922
Greece,GRC,1969,11.156734466552734
Greece,GRC,1970,8.318258285522461
Greece,GRC,1971,7.374327182769775
Greece,GRC,1972,9.446392059326172
Greece,GRC,1973,7.6026082038879395
Greece,GRC,1974,-6.7820868492126465
Greece,GRC,1975,5.373057842254639
Greece,GRC,1976,5.205081462860107
Greece,GRC,1977,1.610302448272705
Greece,GRC,1978,5.86527156829834
Greece,GRC,1979,2.002458095550537
Greece,GRC,1980,-0.30689945816993713
Greece,GRC,1981,-2.4324607849121094
Greece,GRC,1982,-1.7402528524398804
Greece,GRC,1983,-1.652402400970459
Greece,GRC,1984,1.5036721229553223
Greece,GRC,1985,2.1122946739196777
Greece,GRC,1986,0.18573829531669617
Greece,GRC,1987,-2.585123300552368
Greece,GRC,1988,3.9097769260406494
Greece,GRC,1989,3.2597296237945557
Greece,GRC,1990,-1.0522328615188599
Greece,GRC,1991,1.8698344230651855
Greece,GRC,1992,-0.06629946827888489
Greece,GRC,1993,-2.1771504878997803
Greece,GRC,1994,1.4905587434768677
Greece,GRC,1995,1.6238254308700562
Greece,GRC,1996,2.4098432064056396
Greece,GRC,1997,3.9700815677642822
Greece,GRC,1998,3.32069993019104
Greece,GRC,1999,2.6780993938446045
Greece,GRC,2000,3.4955637454986572
Greece,GRC,2001,3.5916526317596436
Greece,GRC,2002,3.5426230430603027
Greece,GRC,2003,5.542360305786133
Greece,GRC,2004,4.801379203796387
Greece,GRC,2005,0.30456796288490295
Greece,GRC,2006,5.335601806640625
Greece,GRC,2007,3.010984182357788
Greece,GRC,2008,-0.5993897914886475
Greece,GRC,2009,-4.552116870880127
Greece,GRC,2010,-5.600368499755859
Greece,GRC,2011,-10.016281127929688
Greece,GRC,2012,-6.58290433883667
Greece,GRC,2013,-1.8065513372421265
Greece,GRC,2014,1.1472119092941284
Greece,GRC,2015,0.4636527895927429
Greece,GRC,2016,-0.07242458313703537
Greece,GRC,2017,1.2922903299331665
Greece,GRC,2018,1.8749032020568848
Greece,GRC,2019,1.910891056060791
Greece,GRC,2020,-8.840356826782227
Hungary,HUN,1992,-3.026235580444336
Hungary,HUN,1993,-0.46266523003578186
Hungary,HUN,1994,3.0881683826446533
Hungary,HUN,1995,1.6309175491333008
Hungary,HUN,1996,0.25447091460227966
Hungary,HUN,1997,3.3511288166046143
Hungary,HUN,1998,4.142035961151123
Hungary,HUN,1999,3.363400459289551
Hungary,HUN,2000,4.750946998596191
Hungary,HUN,2001,4.313089847564697
Hungary,HUN,2002,5.03995943069458
Hungary,HUN,2003,4.383083343505859
Hungary,HUN,2004,5.233218193054199
Hungary,HUN,2005,4.502906322479248
Hungary,HUN,2006,4.10975980758667
Hungary,HUN,2007,0.43244537711143494
Hungary,HUN,2008,1.1834793090820312
Hungary,HUN,2009,-6.45067024230957
Hungary,HUN,2010,1.3118388652801514
Hungary,HUN,2011,2.149195671081543
Hungary,HUN,2012,-0.7464883327484131
Hungary,HUN,2013,2.0870931148529053
Hungary,HUN,2014,4.5048604011535645
Hungary,HUN,2015,3.9502170085906982
Hungary,HUN,2016,2.493985176086426
Hungary,HUN,2017,4.546135425567627
Hungary,HUN,2018,5.493163108825684
Hungary,HUN,2019,4.601390361785889
Hungary,HUN,2020,-4.470454216003418
Ireland,IRL,1971,2.266446590423584
Ireland,IRL,1972,4.918859004974365
Ireland,IRL,1973,3.055224895477295
Ireland,IRL,1974,2.5472047328948975
Ireland,IRL,1975,3.9324419498443604
Ireland,IRL,1976,-0.12389907985925674
Ireland,IRL,1977,6.755713939666748
Ireland,IRL,1978,5.676693439483643
Ireland,IRL,1979,1.708912968635559
Ireland,IRL,1980,1.8998725414276123
Ireland,IRL,1981,2.1222991943359375
Ireland,IRL,1982,1.3210206031799316
Ireland,IRL,1983,-0.9490061402320862
Ireland,IRL,1984,3.7096800804138184
Ireland,IRL,1985,2.920733690261841
Ireland,IRL,1986,-0.47356361150741577
Ireland,IRL,1987,4.652240753173828
Ireland,IRL,1988,5.668377876281738
Ireland,IRL,1989,6.234038829803467
Ireland,IRL,1990,8.375006675720215
Ireland,IRL,1991,1.3452988862991333
Ireland,IRL,1992,2.6406073570251465
Ireland,IRL,1993,2.1805906295776367
Ireland,IRL,1994,5.339771270751953
Ireland,IRL,1995,9.073770523071289
Ireland,IRL,1996,6.5269646644592285
Ireland,IRL,1997,9.907157897949219
Ireland,IRL,1998,7.628673076629639
Ireland,IRL,1999,9.283617973327637
Ireland,IRL,2000,7.950754165649414
Ireland,IRL,2001,3.6411540508270264
Ireland,IRL,2002,4.126674175262451
Ireland,IRL,2003,1.3452014923095703
Ireland,IRL,2004,4.851231575012207
Ireland,IRL,2005,3.4574472904205322
Ireland,IRL,2006,2.18803334236145
Ireland,IRL,2007,2.304713726043701
Ireland,IRL,2008,-6.41412353515625
Ireland,IRL,2009,-6.059452533721924
Ireland,IRL,2010,1.2021410465240479
Ireland,IRL,2011,0.628754198551178
Ireland,IRL,2012,-0.4749806821346283
Ireland,IRL,2013,0.735188364982605
Ireland,IRL,2014,7.921896934509277
Ireland,IRL,2015,23.999094009399414
Ireland,IRL,2016,0.8968220949172974
Ireland,IRL,2017,7.760441780090332
Ireland,IRL,2018,7.687745571136475
Ireland,IRL,2019,3.49190092086792
Ireland,IRL,2020,4.776937484741211
Italy,ITA,1961,7.486418724060059
Italy,ITA,1962,5.487477779388428
Italy,ITA,1963,4.842052459716797
Italy,ITA,1964,1.9555326700210571
Italy,ITA,1965,2.4020462036132812
Italy,ITA,1966,5.164163112640381
Italy,ITA,1967,6.405677795410156
Italy,ITA,1968,5.873594760894775
Italy,ITA,1969,5.499179363250732
Italy,ITA,1970,4.713420867919922
Italy,ITA,1971,1.3442803621292114
Italy,ITA,1972,3.103489875793457
Italy,ITA,1973,6.401805877685547
Italy,ITA,1974,4.812013626098633
Italy,ITA,1975,-2.6731839179992676
Italy,ITA,1976,6.592319488525391
Italy,ITA,1977,2.1258275508880615
Italy,ITA,1978,2.872936248779297
Italy,ITA,1979,5.653223991394043
Italy,ITA,1980,3.217170238494873
Italy,ITA,1981,0.7232323884963989
Italy,ITA,1982,0.33922499418258667
Italy,ITA,1983,1.132491111755371
Italy,ITA,1984,3.2027828693389893
Italy,ITA,1985,2.768381357192993
Italy,ITA,1986,2.8543667793273926
Italy,ITA,1987,3.1814303398132324
Italy,ITA,1988,4.144042015075684
Italy,ITA,1989,3.310861825942993
Italy,ITA,1990,1.9004398584365845
Italy,ITA,1991,1.4681756496429443
Italy,ITA,1992,0.7658076286315918
Italy,ITA,1993,-0.91340172290802
Italy,ITA,1994,2.1302154064178467
Italy,ITA,1995,2.885202407836914
Italy,ITA,1996,1.2383283376693726
Italy,ITA,1997,1.7763512134552002
Italy,ITA,1998,1.7813243865966797
Italy,ITA,1999,1.6086347103118896
Italy,ITA,2000,3.7399466037750244
Italy,ITA,2001,1.8941240310668945
Italy,ITA,2002,0.10475951433181763
Italy,ITA,2003,-0.3055087924003601
Italy,ITA,2004,0.7693176865577698
Italy,ITA,2005,0.32365623116493225
Italy,ITA,2006,1.4851573705673218
Italy,ITA,2007,0.9759221076965332
Italy,ITA,2008,-1.6159405708312988
Italy,ITA,2009,-5.711508274078369
Italy,ITA,2010,1.4009153842926025
Italy,ITA,2011,0.5342874526977539
Italy,ITA,2012,-3.2420601844787598
Italy,ITA,2013,-2.9724037647247314
Italy,ITA,2014,-0.9178138971328735
Italy,ITA,2015,0.8754773736000061
Italy,ITA,2016,1.4656904935836792
Italy,ITA,2017,1.8203338384628296
Italy,ITA,2018,1.1178165674209595
Italy,ITA,2019,1.5747376680374146
Italy,ITA,2020,-8.510387420654297
Latvia,LVA,1996,3.750082492828369
Latvia,LVA,1997,9.927180290222168
Latvia,LVA,1998,7.3433356285095215
Latvia,LVA,1999,3.5959887504577637
Latvia,LVA,2000,6.699306488037109
Latvia,LVA,2001,7.710391521453857
Latvia,LVA,2002,8.338520050048828
Latvia,LVA,2003,9.475369453430176
Latvia,LVA,2004,9.470138549804688
Latvia,LVA,2005,11.918072700500488
Latvia,LVA,2006,12.996954917907715
Latvia,LVA,2007,10.844001770019531
Latvia,LVA,2008,-2.220578193664551
Latvia,LVA,2009,-12.820749282836914
Latvia,LVA,2010,-2.46185564994812
Latvia,LVA,2011,4.448987007141113
Latvia,LVA,2012,8.373231887817383
Latvia,LVA,2013,3.109187126159668
Latvia,LVA,2014,2.8642663955688477
Latvia,LVA,2015,4.738947868347168
Latvia,LVA,2016,3.307420015335083
Latvia,LVA,2017,4.232734680175781
Latvia,LVA,2018,4.8028669357299805
Latvia,LVA,2019,3.199320077896118
Latvia,LVA,2020,-2.9403531551361084
Lithuania,LTU,1996,5.9610772132873535
Lithuania,LTU,1997,9.113027572631836
Lithuania,LTU,1998,8.257179260253906
Lithuania,LTU,1999,-0.4376872181892395
Lithuania,LTU,2000,4.427475929260254
Lithuania,LTU,2001,7.407519817352295
Lithuania,LTU,2002,7.611827373504639
Lithuania,LTU,2003,11.467717170715332
Lithuania,LTU,2004,7.773001194000244
Lithuania,LTU,2005,9.501044273376465
Lithuania,LTU,2006,9.142617225646973
Lithuania,LTU,2007,12.435250282287598
Lithuania,LTU,2008,3.675240993499756
Lithuania,LTU,2009,-13.8877534866333
Lithuania,LTU,2010,3.8053154945373535
Lithuania,LTU,2011,8.461109161376953
Lithuania,LTU,2012,5.246002674102783
Lithuania,LTU,2013,4.603327751159668
Lithuania,LTU,2014,4.431087493896484
Lithuania,LTU,2015,2.988913059234619
Lithuania,LTU,2016,3.829841375350952
Lithuania,LTU,2017,5.751046657562256
Lithuania,LTU,2018,4.990354061126709
Lithuania,LTU,2019,4.850949764251709
Lithuania,LTU,2020,-0.15915919840335846
Luxembourg,LUX,1961,2.8878467082977295
Luxembourg,LUX,1962,0.12467724829912186
Luxembourg,LUX,1963,2.369929313659668
Luxembourg,LUX,1964,6.664577007293701
Luxembourg,LUX,1965,-1.8578416109085083
Luxembourg,LUX,1966,0.3806802034378052
Luxembourg,LUX,1967,-0.11234395951032639
Luxembourg,LUX,1968,3.9186432361602783
Luxembourg,LUX,1969,9.435213088989258
Luxembourg,LUX,1970,10.54712200164795
Luxembourg,LUX,1971,1.6927942037582397
Luxembourg,LUX,1972,5.312930583953857
Luxembourg,LUX,1973,7.122758865356445
Luxembourg,LUX,1974,2.8623061180114746
Luxembourg,LUX,1975,-7.586477279663086
Luxembourg,LUX,1976,2.028101682662964
Luxembourg,LUX,1977,1.3935356140136719
Luxembourg,LUX,1978,3.888388156890869
Luxembourg,LUX,1979,2.1061460971832275
Luxembourg,LUX,1980,0.482546865940094
Luxembourg,LUX,1981,-0.8436729311943054
Luxembourg,LUX,1982,1.0483007431030273
Luxembourg,LUX,1983,2.9617528915405273
Luxembourg,LUX,1984,6.077847957611084
Luxembourg,LUX,1985,2.5932443141937256
Luxembourg,LUX,1986,9.491578102111816
Luxembourg,LUX,1987,3.279463768005371
Luxembourg,LUX,1988,7.67910623550415
Luxembourg,LUX,1989,8.735315322875977
Luxembourg,LUX,1990,4.009809970855713
Luxembourg,LUX,1991,7.198406219482422
Luxembourg,LUX,1992,0.47607699036598206
Luxembourg,LUX,1993,2.8112213611602783
Luxembourg,LUX,1994,2.4166290760040283
Luxembourg,LUX,1995,0.017299922183156013
Luxembourg,LUX,1996,0.027251338586211205
Luxembourg,LUX,1997,4.106640815734863
Luxembourg,LUX,1998,5.355837345123291
Luxembourg,LUX,1999,6.723966598510742
Luxembourg,LUX,2000,5.510409355163574
Luxembourg,LUX,2001,1.8545746803283691
Luxembourg,LUX,2002,2.1496098041534424
Luxembourg,LUX,2003,1.3798933029174805
Luxembourg,LUX,2004,2.76088809967041
Luxembourg,LUX,2005,0.9267657399177551
Luxembourg,LUX,2006,4.339108467102051
Luxembourg,LUX,2007,6.442031383514404
Luxembourg,LUX,2008,-2.066473960876465
Luxembourg,LUX,2009,-5.014263153076172
Luxembourg,LUX,2010,1.883547306060791
Luxembourg,LUX,2011,-1.176797866821289
Luxembourg,LUX,2012,-0.762183427810669
Luxembourg,LUX,2013,0.8146523237228394
Luxembourg,LUX,2014,0.23256443440914154
Luxembourg,LUX,2015,-0.11547630280256271
Luxembourg,LUX,2016,2.7397918701171875
Luxembourg,LUX,2017,-1.1161129474639893
Luxembourg,LUX,2018,0.055731941014528275
Luxembourg,LUX,2019,1.2762726545333862
Luxembourg,LUX,2020,-3.3994386196136475
Malta,MLT,1971,2.437070369720459
Malta,MLT,1972,5.925811290740967
Malta,MLT,1973,4.232295036315918
Malta,MLT,1974,10.110733985900879
Malta,MLT,1975,18.685256958007812
Malta,MLT,1976,16.423152923583984
Malta,MLT,1977,11.74708366394043
Malta,MLT,1978,10.010061264038086
Malta,MLT,1979,9.376492500305176
Malta,MLT,1980,5.933050155639648
Malta,MLT,1981,2.5548553466796875
Malta,MLT,1982,0.11383673548698425
Malta,MLT,1983,-2.0034148693084717
Malta,MLT,1984,0.9213026762008667
Malta,MLT,1985,0.7988520264625549
Malta,MLT,1986,2.1637957096099854
Malta,MLT,1987,3.396064519882202
Malta,MLT,1988,7.527757167816162
Malta,MLT,1989,7.131311416625977
Malta,MLT,1990,5.256597518920898
Malta,MLT,1991,3.4310264587402344
Malta,MLT,1992,3.616450548171997
Malta,MLT,1993,3.4424362182617188
Malta,MLT,1994,4.6675944328308105
Malta,MLT,1995,5.60371208190918
Malta,MLT,1996,3.0982437133789062
Malta,MLT,1997,4.463409423828125
Malta,MLT,1998,4.4445672035217285
Malta,MLT,1999,4.100967884063721
Malta,MLT,2000,18.91149139404297
Malta,MLT,2001,-1.914199948310852
Malta,MLT,2002,1.803475260734558
Malta,MLT,2003,3.3917863368988037
Malta,MLT,2004,-0.5300488471984863
Malta,MLT,2005,2.726684331893921
Malta,MLT,2006,2.1373395919799805
Malta,MLT,2007,4.409934997558594
Malta,MLT,2008,3.153000593185425
Malta,MLT,2009,-1.8764294385910034
Malta,MLT,2010,5.026498317718506
Malta,MLT,2011,0.042271602898836136
Malta,MLT,2012,3.1856679916381836
Malta,MLT,2013,4.002804756164551
Malta,MLT,2014,5.505675315856934
Malta,MLT,2015,7.023412704467773
Malta,MLT,2016,1.7357300519943237
Malta,MLT,2017,5.198577404022217
Malta,MLT,2018,1.5697996616363525
Malta,MLT,2019,1.4709302186965942
Malta,MLT,2020,-9.034958839416504
Netherlands,NLD,1961,-1.0149976015090942
Netherlands,NLD,1962,5.332336902618408
Netherlands,NLD,1963,2.236631393432617
Netherlands,NLD,1964,6.836068153381348
Netherlands,NLD,1965,7.16198205947876
Netherlands,NLD,1966,1.4088703393936157
Netherlands,NLD,1967,4.093774318695068
Netherlands,NLD,1968,5.316671848297119
Netherlands,NLD,1969,5.204136848449707
Netherlands,NLD,1970,4.833288669586182
Netherlands,NLD,1971,3.0838584899902344
Netherlands,NLD,1972,2.4922432899475098
Netherlands,NLD,1973,4.575448989868164
Netherlands,NLD,1974,2.63126540184021
Netherlands,NLD,1975,-0.8854179978370667
Netherlands,NLD,1976,3.6395444869995117
Netherlands,NLD,1977,1.9126359224319458
Netherlands,NLD,1978,2.066333055496216
Netherlands,NLD,1979,1.3124053478240967
Netherlands,NLD,1980,0.5431280136108398
Netherlands,NLD,1981,-1.461953043937683
Netherlands,NLD,1982,-1.6925901174545288
Netherlands,NLD,1983,1.6836185455322266
Netherlands,NLD,1984,2.6534039974212646
Netherlands,NLD,1985,2.1029348373413086
Netherlands,NLD,1986,2.2181313037872314
Netherlands,NLD,1987,1.286515235900879
Netherlands,NLD,1988,2.775043487548828
Netherlands,NLD,1989,3.79556941986084
Netherlands,NLD,1990,3.4682776927948
Netherlands,NLD,1991,1.635054588317871
Netherlands,NLD,1992,0.9400150179862976
Netherlands,NLD,1993,0.55424964427948
Netherlands,NLD,1994,2.3421683311462402
Netherlands,NLD,1995,2.607973337173462
Netherlands,NLD,1996,3.022303342819214
Netherlands,NLD,1997,3.793381690979004
Netherlands,NLD,1998,4.020503044128418
Netherlands,NLD,1999,4.337374210357666
Netherlands,NLD,2000,3.453538179397583
Netherlands,NLD,2001,1.5574581623077393
Netherlands,NLD,2002,-0.4203677475452423
Netherlands,NLD,2003,-0.3157898485660553
Netherlands,NLD,2004,1.6311880350112915
Netherlands,NLD,2005,1.8126991987228394
Netherlands,NLD,2006,3.294949769973755
Netherlands,NLD,2007,3.5473594665527344
Netherlands,NLD,2008,1.7733566761016846
Netherlands,NLD,2009,-4.161038398742676
Netherlands,NLD,2010,0.824259877204895
Netherlands,NLD,2011,1.0786283016204834
Netherlands,NLD,2012,-1.3959193229675293
Netherlands,NLD,2013,-0.42417868971824646
Netherlands,NLD,2014,1.0591012239456177
Netherlands,NLD,2015,1.5082662105560303
Netherlands,NLD,2016,1.649315595626831
Netherlands,NLD,2017,2.3042848110198975
Netherlands,NLD,2018,1.7649372816085815
Netherlands,NLD,2019,1.2898890972137451
Netherlands,NLD,2020,-4.331592082977295
Poland,POL,1991,-7.344790935516357
Poland,POL,1992,2.2010657787323
Poland,POL,1993,3.4746828079223633
Poland,POL,1994,5.070855617523193
Poland,POL,1995,6.9576029777526855
Poland,POL,1996,6.034689903259277
Poland,POL,1997,6.379409313201904
Poland,POL,1998,4.603225231170654
Poland,POL,1999,4.663515090942383
Poland,POL,2000,5.658715724945068
Poland,POL,2001,1.2864162921905518
Poland,POL,2002,2.0831730365753174
Poland,POL,2003,3.5682737827301025
Poland,POL,2004,5.044271945953369
Poland,POL,2005,3.552349805831909
Poland,POL,2006,6.198415279388428
Poland,POL,2007,7.119699001312256
Poland,POL,2008,4.185759544372559
Poland,POL,2009,2.762519121170044
Poland,POL,2010,4.037237167358398
Poland,POL,2011,4.70132303237915
Poland,POL,2012,1.3251385688781738
Poland,POL,2013,1.1868213415145874
Poland,POL,2014,3.4559855461120605
Poland,POL,2015,4.305814266204834
Poland,POL,2016,3.1860709190368652
Poland,POL,2017,4.8175740242004395
Poland,POL,2018,5.353914260864258
Poland,POL,2019,4.770539283752441
Poland,POL,2020,-2.3698949813842773
Portugal,PRT,1961,4.688668727874756
Portugal,PRT,1962,5.84786319732666
Portugal,PRT,1963,5.447292804718018
Portugal,PRT,1964,6.251799583435059
Portugal,PRT,1965,7.908127784729004
Portugal,PRT,1966,4.865748882293701
Portugal,PRT,1967,8.228805541992188
Portugal,PRT,1968,9.34210205078125
Portugal,PRT,1969,3.041293144226074
Portugal,PRT,1970,13.615093231201172
Portugal,PRT,1971,7.084085464477539
Portugal,PRT,1972,8.182479858398438
Portugal,PRT,1973,11.166280746459961
Portugal,PRT,1974,-0.25816619396209717
Portugal,PRT,1975,-7.914607524871826
Portugal,PRT,1976,3.90271258354187
Portugal,PRT,1977,4.487287998199463
Portugal,PRT,1978,1.7125897407531738
Portugal,PRT,1979,4.512543201446533
Portugal,PRT,1980,3.4643712043762207
Portugal,PRT,1981,0.7408021688461304
Portugal,PRT,1982,1.5128934383392334
Portugal,PRT,1983,-0.6352025866508484
Portugal,PRT,1984,-2.256577968597412
Portugal,PRT,1985,2.5266048908233643
Portugal,PRT,1986,4.046278476715088
Portugal,PRT,1987,6.410062789916992
Portugal,PRT,1988,7.600903511047363
Portugal,PRT,1989,6.596071243286133
Portugal,PRT,1990,4.177328586578369
Portugal,PRT,1991,4.609033584594727
Portugal,PRT,1992,1.1681033372879028
Portugal,PRT,1993,-2.163020610809326
Portugal,PRT,1994,0.6935173869132996
Portugal,PRT,1995,3.9223735332489014
Portugal,PRT,1996,3.1158058643341064
Portugal,PRT,1997,3.935797929763794
Portugal,PRT,1998,4.279611110687256
Portugal,PRT,1999,3.320509195327759
Portugal,PRT,2000,3.0890541076660156
Portugal,PRT,2001,1.2272634506225586
Portugal,PRT,2002,0.22054249048233032
Portugal,PRT,2003,-1.3017420768737793
Portugal,PRT,2004,1.545620083808899
Portugal,PRT,2005,0.5950387120246887
Portugal,PRT,2006,1.4419363737106323
Portugal,PRT,2007,2.3055520057678223
Portugal,PRT,2008,0.1747005581855774
Portugal,PRT,2009,-3.2143900394439697
Portugal,PRT,2010,1.6909284591674805
Portugal,PRT,2011,-1.5514683723449707
Portugal,PRT,2012,-3.6675314903259277
Portugal,PRT,2013,-0.3773982524871826
Portugal,PRT,2014,1.3371199369430542
Portugal,PRT,2015,2.2144827842712402
Portugal,PRT,2016,2.341823101043701
Portugal,PRT,2017,3.759094476699829
Portugal,PRT,2018,3.0141236782073975
Portugal,PRT,2019,2.6583926677703857
Portugal,PRT,2020,-8.53864574432373
Romania,ROU,1991,-12.158441543579102
Romania,ROU,1992,-7.939239501953125
Romania,ROU,1993,1.6671186685562134
Romania,ROU,1994,4.083148002624512
Romania,ROU,1995,6.448659420013428
Romania,ROU,1996,4.207522392272949
Romania,ROU,1997,-4.574730396270752
Romania,ROU,1998,-1.8268239498138428
Romania,ROU,1999,-0.22015056014060974
Romania,ROU,2000,2.593975305557251
Romania,ROU,2001,6.69667387008667
Romania,ROU,2002,7.655869483947754
Romania,ROU,2003,3.0819637775421143
Romania,ROU,2004,11.059113502502441
Romania,ROU,2005,5.3165059089660645
Romania,ROU,2006,8.670676231384277
Romania,ROU,2007,8.8296480178833
Romania,ROU,2008,11.144208908081055
Romania,ROU,2009,-4.726982593536377
Romania,ROU,2010,-3.3287503719329834
Romania,ROU,2011,2.4085440635681152
Romania,ROU,2012,2.4959402084350586
Romania,ROU,2013,4.157003879547119
Romania,ROU,2014,3.997544288635254
Romania,ROU,2015,3.438749313354492
Romania,ROU,2016,5.30536413192749
Romania,ROU,2017,7.941558837890625
Romania,ROU,2018,5.090111255645752
Romania,ROU,2019,4.738587856292725
Romania,ROU,2020,-3.3611063957214355
Slovakia,SVK,1993,1.513092279434204
Slovakia,SVK,1994,5.787845134735107
Slovakia,SVK,1995,5.534215927124023
Slovakia,SVK,1996,6.394448280334473
Slovakia,SVK,1997,5.730447769165039
Slovakia,SVK,1998,3.936603307723999
Slovakia,SVK,1999,-0.2078103870153427
Slovakia,SVK,2000,1.3035775423049927
Slovakia,SVK,2001,3.442924737930298
Slovakia,SVK,2002,4.547441482543945
Slovakia,SVK,2003,5.568548202514648
Slovakia,SVK,2004,5.300318241119385
Slovakia,SVK,2005,6.613004207611084
Slovakia,SVK,2006,8.488188743591309
Slovakia,SVK,2007,10.799695014953613
Slovakia,SVK,2008,5.484389781951904
Slovakia,SVK,2009,-5.581437110900879
Slovakia,SVK,2010,6.194275856018066
Slovakia,SVK,2011,2.5051467418670654
Slovakia,SVK,2012,1.1858781576156616
Slovakia,SVK,2013,0.5466617941856384
Slovakia,SVK,2014,2.6247329711914062
Slovakia,SVK,2015,5.115706920623779
Slovakia,SVK,2016,1.8003528118133545
Slovakia,SVK,2017,2.820507287979126
Slovakia,SVK,2018,3.6507463455200195
Slovakia,SVK,2019,2.466609477996826
Slovakia,SVK,2020,-4.440749645233154
Slovenia,SVN,1996,3.2675652503967285
Slovenia,SVN,1997,5.191132545471191
Slovenia,SVN,1998,3.5048818588256836
Slovenia,SVN,1999,5.257453441619873
Slovenia,SVN,2000,3.365877628326416
Slovenia,SVN,2001,3.0541234016418457
Slovenia,SVN,2002,3.377418041229248
Slovenia,SVN,2003,2.8981971740722656
Slovenia,SVN,2004,4.292355060577393
Slovenia,SVN,2005,3.6183409690856934
Slovenia,SVN,2006,5.409482479095459
Slovenia,SVN,2007,6.383588790893555
Slovenia,SVN,2008,3.3462796211242676
Slovenia,SVN,2009,-8.380319595336914
Slovenia,SVN,2010,0.9027713537216187
Slovenia,SVN,2011,0.6520232558250427
Slovenia,SVN,2012,-2.84370493888855
Slovenia,SVN,2013,-1.1635209321975708
Slovenia,SVN,2014,2.6671340465545654
Slovenia,SVN,2015,2.133258104324341
Slovenia,SVN,2016,3.116346597671509
Slovenia,SVN,2017,4.747106075286865
Slovenia,SVN,2018,4.0445876121521
Slovenia,SVN,2019,2.534090995788574
Slovenia,SVN,2020,-4.868546962738037
Spain,ESP,1961,10.804487228393555
Spain,ESP,1962,8.946470260620117
Spain,ESP,1963,8.639492988586426
Spain,ESP,1964,4.267245292663574
Spain,ESP,1965,5.105632305145264
Spain,ESP,1966,6.153434753417969
Spain,ESP,1967,3.064126491546631
Spain,ESP,1968,5.212172508239746
Spain,ESP,1969,7.839083194732666
Spain,ESP,1970,3.138762950897217
Spain,ESP,1971,3.3959269523620605
Spain,ESP,1972,6.962193012237549
Spain,ESP,1973,6.604025840759277
Spain,ESP,1974,4.471068382263184
Spain,ESP,1975,-0.5390966534614563
Spain,ESP,1976,2.2177724838256836
Spain,ESP,1977,1.7856571674346924
Spain,ESP,1978,0.4907284080982208
Spain,ESP,1979,-0.8365282416343689
Spain,ESP,1980,1.3913155794143677
Spain,ESP,1981,-0.8398874998092651
Spain,ESP,1982,0.6404091119766235
Spain,ESP,1983,1.2755144834518433
Spain,ESP,1984,1.362897276878357
Spain,ESP,1985,1.9513291120529175
Spain,ESP,1986,2.945279598236084
Spain,ESP,1987,5.2737627029418945
Spain,ESP,1988,4.871692180633545
Spain,ESP,1989,4.662815093994141
Spain,ESP,1990,3.675767660140991
Spain,ESP,1991,2.285324811935425
Spain,ESP,1992,0.43611523509025574
Spain,ESP,1993,-1.543358325958252
Spain,ESP,1994,1.8969069719314575
Spain,ESP,1995,2.3049569129943848
Spain,ESP,1996,2.233816385269165
Spain,ESP,1997,3.2688519954681396
Spain,ESP,1998,3.961902141571045
Spain,ESP,1999,4.067824363708496
Spain,ESP,2000,4.776451587677002
Spain,ESP,2001,3.214081048965454
Spain,ESP,2002,1.2900500297546387
Spain,ESP,2003,1.1362532377243042
Spain,ESP,2004,1.3587093353271484
Spain,ESP,2005,1.9156957864761353
Spain,ESP,2006,2.3578131198883057
Spain,ESP,2007,1.7045220136642456
Spain,ESP,2008,-0.7095679044723511
Spain,ESP,2009,-4.611871719360352
Spain,ESP,2010,-0.2970885932445526
Spain,ESP,2011,-1.166192650794983
Spain,ESP,2012,-3.022425413131714
Spain,ESP,2013,-1.1118988990783691
Spain,ESP,2014,1.6874496936798096
Spain,ESP,2015,3.9157683849334717
Spain,ESP,2016,2.9443485736846924
Spain,ESP,2017,2.732360601425171
Spain,ESP,2018,1.841757893562317
Spain,ESP,2019,1.355133056640625
Spain,ESP,2020,-11.253266334533691
Sweden,SWE,1961,5.1846184730529785
Sweden,SWE,1962,3.685605049133301
Sweden,SWE,1963,4.735939979553223
Sweden,SWE,1964,6.026059150695801
Sweden,SWE,1965,2.848259687423706
Sweden,SWE,1966,1.1239895820617676
Sweden,SWE,1967,2.5753748416900635
Sweden,SWE,1968,3.05769419670105
Sweden,SWE,1969,4.273715019226074
Sweden,SWE,1970,6.292337894439697
Sweden,SWE,1971,0.2524348497390747
Sweden,SWE,1972,1.9869213104248047
Sweden,SWE,1973,3.7889320850372314
Sweden,SWE,1974,2.8991847038269043
Sweden,SWE,1975,2.1462531089782715
Sweden,SWE,1976,0.6912381052970886
Sweden,SWE,1977,-1.9451271295547485
Sweden,SWE,1978,1.4557337760925293
Sweden,SWE,1979,3.6136474609375
Sweden,SWE,1980,1.4937331676483154
Sweden,SWE,1981,0.3344367742538452
Sweden,SWE,1982,1.1907753944396973
Sweden,SWE,1983,1.8545150756835938
Sweden,SWE,1984,4.1348652839660645
Sweden,SWE,1985,1.991774082183838
Sweden,SWE,1986,2.452772617340088
Sweden,SWE,1987,3.009547710418701
Sweden,SWE,1988,2.0887606143951416
Sweden,SWE,1989,1.9721912145614624
Sweden,SWE,1990,-0.02075917460024357
Sweden,SWE,1991,-1.8175151348114014
Sweden,SWE,1992,-1.7366303205490112
Sweden,SWE,1993,-2.6328084468841553
Sweden,SWE,1994,3.193955421447754
Sweden,SWE,1995,3.3912692070007324
Sweden,SWE,1996,1.4179242849349976
Sweden,SWE,1997,3.0115230083465576
Sweden,SWE,1998,4.253946781158447
Sweden,SWE,1999,4.165978908538818
Sweden,SWE,2000,4.598254680633545
Sweden,SWE,2001,1.177501916885376
Sweden,SWE,2002,1.864874005317688
Sweden,SWE,2003,1.9298304319381714
Sweden,SWE,2004,3.9273061752319336
Sweden,SWE,2005,2.4482483863830566
Sweden,SWE,2006,4.075715065002441
Sweden,SWE,2007,2.6750025749206543
Sweden,SWE,2008,-1.2230695486068726
Sweden,SWE,2009,-5.1512627601623535
Sweden,SWE,2010,5.05267858505249
Sweden,SWE,2011,2.4189884662628174
Sweden,SWE,2012,-1.3210023641586304
Sweden,SWE,2013,0.3339848518371582
Sweden,SWE,2014,1.6442439556121826
Sweden,SWE,2015,3.390176296234131
Sweden,SWE,2016,0.7961462736129761
Sweden,SWE,2017,1.1951475143432617
Sweden,SWE,2018,0.7725774645805359
Sweden,SWE,2019,0.9575616717338562
Sweden,SWE,2020,-3.6469972133636475
United Kingdom,GBR,1961,1.8992619514465332
United Kingdom,GBR,1962,0.24851886928081512
United Kingdom,GBR,1963,4.092468738555908
United Kingdom,GBR,1964,4.849645137786865
United Kingdom,GBR,1965,1.4880484342575073
United Kingdom,GBR,1966,1.0146653652191162
United Kingdom,GBR,1967,2.234412431716919
United Kingdom,GBR,1968,4.929076671600342
United Kingdom,GBR,1969,1.5011730194091797
United Kingdom,GBR,1970,5.894837379455566
United Kingdom,GBR,1971,3.0733141899108887
United Kingdom,GBR,1972,3.9685561656951904
United Kingdom,GBR,1973,6.318244934082031
United Kingdom,GBR,1974,-2.54587721824646
United Kingdom,GBR,1975,-1.4663351774215698
United Kingdom,GBR,1976,2.935589075088501
United Kingdom,GBR,1977,2.4914379119873047
United Kingdom,GBR,1978,4.198675632476807
United Kingdom,GBR,1979,3.655965566635132
United Kingdom,GBR,1980,-2.1483871936798096
United Kingdom,GBR,1981,-0.8222852349281311
United Kingdom,GBR,1982,2.0314557552337646
United Kingdom,GBR,1983,4.186321258544922
United Kingdom,GBR,1984,2.1073801517486572
United Kingdom,GBR,1985,3.9113192558288574
United Kingdom,GBR,1986,2.911710262298584
United Kingdom,GBR,1987,5.168872356414795
United Kingdom,GBR,1988,5.497880935668945
United Kingdom,GBR,1989,2.3109285831451416
United Kingdom,GBR,1990,0.43308117985725403
United Kingdom,GBR,1991,-1.408485770225525
United Kingdom,GBR,1992,0.12993304431438446
United Kingdom,GBR,1993,2.244410514831543
United Kingdom,GBR,1994,3.58196759223938
United Kingdom,GBR,1995,2.2607836723327637
United Kingdom,GBR,1996,2.168064594268799
United Kingdom,GBR,1997,4.639176845550537
United Kingdom,GBR,1998,2.853813886642456
United Kingdom,GBR,1999,2.647308111190796
United Kingdom,GBR,2000,3.302607774734497
United Kingdom,GBR,2001,1.680456519126892
United Kingdom,GBR,2002,1.6918110847473145
United Kingdom,GBR,2003,2.551255702972412
United Kingdom,GBR,2004,1.7749378681182861
United Kingdom,GBR,2005,1.8912757635116577
United Kingdom,GBR,2006,1.8328261375427246
United Kingdom,GBR,2007,1.4762414693832397
United Kingdom,GBR,2008,-1.0217031240463257
United Kingdom,GBR,2009,-4.968888282775879
United Kingdom,GBR,2010,1.3339711427688599
United Kingdom,GBR,2011,0.6677560806274414
United Kingdom,GBR,2012,0.7667609453201294
United Kingdom,GBR,2013,1.209899663925171
United Kingdom,GBR,2014,2.2354581356048584
United Kingdom,GBR,2015,1.8126616477966309
United Kingdom,GBR,2016,1.4913642406463623
United Kingdom,GBR,2017,1.4429293870925903
United Kingdom,GBR,2018,1.0368552207946777
United Kingdom,GBR,2019,1.0999959707260132
United Kingdom,GBR,2020,-9.90699291229248
